﻿SITE_CODE,PARAMETER_NAME,SAMPLING_DATE,ENVIRON_COMPARTMENT_SUB,SUBSAMPLE,MEASURED_FLAG,MEASURED_VALUE,UNCERTAINTY_TYPE,UNCERTAINTY_UPPER,UNCERTAINTY_LOWER,MEASURED_UNIT,MEASURED_N,LOQ_VALUE,LOQ_UNIT,LOD_VALUE,LOD_UNIT,SAMPLING_PROTOCOL,EXTRACTION_PROTOCOL,FRACTIONATION_PROTOCOL,ANALYTICAL_PROTOCOL,REFERENCE_ID,SAMPLE_ID,ENVIRON_COMPARTMENT,PARAMETER_TYPE,MEASURED_TYPE,MEASUREMENT_COMMENT
GlommaCu1990-95_1,Copper,07/06/1990,Brackish/Transitional Water,1,,118,Not Reported,,,mg/kg (dry),1,,,,,S01_PointSampling_GlommaCu19,E01_AcidDigestion_GlommaCu19,E01_AcidDigestion_GlommaCu19,A01_AtomicAbsorptio_GlommaCu19,UnknownReference,GlommaCu1990-95_1-Copper-BrackishTran-1990-06-07-R 1,Aquatic,Stressor,Concentration,
GlommaCu1990-95_2,Copper,07/06/1990,Brackish/Transitional Water,1,,117,Not Reported,,,mg/kg (dry),2,,,,,S01_PointSampling_GlommaCu19,E01_AcidDigestion_GlommaCu19,E01_AcidDigestion_GlommaCu19,A01_AtomicAbsorptio_GlommaCu19,UnknownReference,GlommaCu1990-95_2-Copper-BrackishTran-1990-06-07-R 1,Aquatic,Stressor,Concentration,
GlommaCu1990-95_3,Copper,07/06/1990,Brackish/Transitional Water,1,,107,Not Reported,,,mg/kg (dry),3,,,,,S01_PointSampling_GlommaCu19,E01_AcidDigestion_GlommaCu19,E01_AcidDigestion_GlommaCu19,A01_AtomicAbsorptio_GlommaCu19,UnknownReference,GlommaCu1990-95_3-Copper-BrackishTran-1990-06-07-R 1,Aquatic,Stressor,Concentration,
GlommaCu1990-95_4,Copper,07/06/1990,Brackish/Transitional Water,1,,120,Not Reported,,,mg/kg (dry),4,,,,,S01_PointSampling_GlommaCu19,E01_AcidDigestion_GlommaCu19,E01_AcidDigestion_GlommaCu19,A01_AtomicAbsorptio_GlommaCu19,UnknownReference,GlommaCu1990-95_4-Copper-BrackishTran-1990-06-07-R 1,Aquatic,Stressor,Concentration,
GlommaCu1990-95_1,Copper,02/07/1990,Brackish/Transitional Water,1,,119,Not Reported,,,mg/kg (dry),5,,,,,S01_PointSampling_GlommaCu19,E01_AcidDigestion_GlommaCu19,E01_AcidDigestion_GlommaCu19,A01_AtomicAbsorptio_GlommaCu19,UnknownReference,GlommaCu1990-95_1-Copper-BrackishTran-1990-07-02-R 1,Aquatic,Stressor,Concentration,
GlommaCu1990-95_2,Copper,02/07/1990,Brackish/Transitional Water,1,,123,Not Reported,,,mg/kg (dry),6,,,,,S01_PointSampling_GlommaCu19,E01_AcidDigestion_GlommaCu19,E01_AcidDigestion_GlommaCu19,A01_AtomicAbsorptio_GlommaCu19,UnknownReference,GlommaCu1990-95_2-Copper-BrackishTran-1990-07-02-R 1,Aquatic,Stressor,Concentration,
GlommaCu1990-95_3,Copper,02/07/1990,Brackish/Transitional Water,1,,153,Not Reported,,,mg/kg (dry),7,,,,,S01_PointSampling_GlommaCu19,E01_AcidDigestion_GlommaCu19,E01_AcidDigestion_GlommaCu19,A01_AtomicAbsorptio_GlommaCu19,UnknownReference,GlommaCu1990-95_3-Copper-BrackishTran-1990-07-02-R 1,Aquatic,Stressor,Concentration,
GlommaCu1990-95_4,Copper,02/07/1990,Brackish/Transitional Water,1,,324,Not Reported,,,mg/kg (dry),8,,,,,S01_PointSampling_GlommaCu19,E01_AcidDigestion_GlommaCu19,E01_AcidDigestion_GlommaCu19,A01_AtomicAbsorptio_GlommaCu19,UnknownReference,GlommaCu1990-95_4-Copper-BrackishTran-1990-07-02-R 1,Aquatic,Stressor,Concentration,
GlommaCu1990-95_1,Copper,01/08/1990,Brackish/Transitional Water,1,,636,Not Reported,,,mg/kg (dry),9,,,,,S01_PointSampling_GlommaCu19,E01_AcidDigestion_GlommaCu19,E01_AcidDigestion_GlommaCu19,A01_AtomicAbsorptio_GlommaCu19,UnknownReference,GlommaCu1990-95_1-Copper-BrackishTran-1990-08-01-R 1,Aquatic,Stressor,Concentration,
GlommaCu1990-95_2,Copper,01/08/1990,Brackish/Transitional Water,1,,179,Not Reported,,,mg/kg (dry),10,,,,,S01_PointSampling_GlommaCu19,E01_AcidDigestion_GlommaCu19,E01_AcidDigestion_GlommaCu19,A01_AtomicAbsorptio_GlommaCu19,UnknownReference,GlommaCu1990-95_2-Copper-BrackishTran-1990-08-01-R 1,Aquatic,Stressor,Concentration,
GlommaCu1990-95_3,Copper,01/08/1990,Brackish/Transitional Water,1,,120,Not Reported,,,mg/kg (dry),11,,,,,S01_PointSampling_GlommaCu19,E01_AcidDigestion_GlommaCu19,E01_AcidDigestion_GlommaCu19,A01_AtomicAbsorptio_GlommaCu19,UnknownReference,GlommaCu1990-95_3-Copper-BrackishTran-1990-08-01-R 1,Aquatic,Stressor,Concentration,
GlommaCu1990-95_4,Copper,01/08/1990,Brackish/Transitional Water,1,,520,Not Reported,,,mg/kg (dry),12,,,,,S01_PointSampling_GlommaCu19,E01_AcidDigestion_GlommaCu19,E01_AcidDigestion_GlommaCu19,A01_AtomicAbsorptio_GlommaCu19,UnknownReference,GlommaCu1990-95_4-Copper-BrackishTran-1990-08-01-R 1,Aquatic,Stressor,Concentration,
GlommaCu1990-95_1,Copper,10/09/1990,Brackish/Transitional Water,1,,165,Not Reported,,,mg/kg (dry),13,,,,,S01_PointSampling_GlommaCu19,E01_AcidDigestion_GlommaCu19,E01_AcidDigestion_GlommaCu19,A01_AtomicAbsorptio_GlommaCu19,UnknownReference,GlommaCu1990-95_1-Copper-BrackishTran-1990-09-10-R 1,Aquatic,Stressor,Concentration,
GlommaCu1990-95_2,Copper,10/09/1990,Brackish/Transitional Water,1,,110,Not Reported,,,mg/kg (dry),14,,,,,S01_PointSampling_GlommaCu19,E01_AcidDigestion_GlommaCu19,E01_AcidDigestion_GlommaCu19,A01_AtomicAbsorptio_GlommaCu19,UnknownReference,GlommaCu1990-95_2-Copper-BrackishTran-1990-09-10-R 1,Aquatic,Stressor,Concentration,
GlommaCu1990-95_3,Copper,10/09/1990,Brackish/Transitional Water,1,,137,Not Reported,,,mg/kg (dry),15,,,,,S01_PointSampling_GlommaCu19,E01_AcidDigestion_GlommaCu19,E01_AcidDigestion_GlommaCu19,A01_AtomicAbsorptio_GlommaCu19,UnknownReference,GlommaCu1990-95_3-Copper-BrackishTran-1990-09-10-R 1,Aquatic,Stressor,Concentration,
GlommaCu1990-95_4,Copper,10/09/1990,Brackish/Transitional Water,1,,196,Not Reported,,,mg/kg (dry),16,,,,,S01_PointSampling_GlommaCu19,E01_AcidDigestion_GlommaCu19,E01_AcidDigestion_GlommaCu19,A01_AtomicAbsorptio_GlommaCu19,UnknownReference,GlommaCu1990-95_4-Copper-BrackishTran-1990-09-10-R 1,Aquatic,Stressor,Concentration,
GlommaCu1990-95_1,Copper,08/10/1990,Brackish/Transitional Water,1,,195,Not Reported,,,mg/kg (dry),17,,,,,S01_PointSampling_GlommaCu19,E01_AcidDigestion_GlommaCu19,E01_AcidDigestion_GlommaCu19,A01_AtomicAbsorptio_GlommaCu19,UnknownReference,GlommaCu1990-95_1-Copper-BrackishTran-1990-10-08-R 1,Aquatic,Stressor,Concentration,
GlommaCu1990-95_2,Copper,08/10/1990,Brackish/Transitional Water,1,,166,Not Reported,,,mg/kg (dry),18,,,,,S01_PointSampling_GlommaCu19,E01_AcidDigestion_GlommaCu19,E01_AcidDigestion_GlommaCu19,A01_AtomicAbsorptio_GlommaCu19,UnknownReference,GlommaCu1990-95_2-Copper-BrackishTran-1990-10-08-R 1,Aquatic,Stressor,Concentration,
GlommaCu1990-95_3,Copper,08/10/1990,Brackish/Transitional Water,1,,119,Not Reported,,,mg/kg (dry),19,,,,,S01_PointSampling_GlommaCu19,E01_AcidDigestion_GlommaCu19,E01_AcidDigestion_GlommaCu19,A01_AtomicAbsorptio_GlommaCu19,UnknownReference,GlommaCu1990-95_3-Copper-BrackishTran-1990-10-08-R 1,Aquatic,Stressor,Concentration,
GlommaCu1990-95_4,Copper,08/10/1990,Brackish/Transitional Water,1,,279,Not Reported,,,mg/kg (dry),20,,,,,S01_PointSampling_GlommaCu19,E01_AcidDigestion_GlommaCu19,E01_AcidDigestion_GlommaCu19,A01_AtomicAbsorptio_GlommaCu19,UnknownReference,GlommaCu1990-95_4-Copper-BrackishTran-1990-10-08-R 1,Aquatic,Stressor,Concentration,
GlommaCu1990-95_1,Copper,09/06/1994,Brackish/Transitional Water,1,,83.5,Not Reported,,,mg/kg (dry),21,,,,,S01_PointSampling_GlommaCu19,E01_AcidDigestion_GlommaCu19,E01_AcidDigestion_GlommaCu19,A01_AtomicAbsorptio_GlommaCu19,UnknownReference,GlommaCu1990-95_1-Copper-BrackishTran-1994-06-09-R 1,Aquatic,Stressor,Concentration,
GlommaCu1990-95_2,Copper,09/06/1994,Brackish/Transitional Water,1,,430,Not Reported,,,mg/kg (dry),22,,,,,S01_PointSampling_GlommaCu19,E01_AcidDigestion_GlommaCu19,E01_AcidDigestion_GlommaCu19,A01_AtomicAbsorptio_GlommaCu19,UnknownReference,GlommaCu1990-95_2-Copper-BrackishTran-1994-06-09-R 1,Aquatic,Stressor,Concentration,
GlommaCu1990-95_3,Copper,09/06/1994,Brackish/Transitional Water,1,,93.5,Not Reported,,,mg/kg (dry),23,,,,,S01_PointSampling_GlommaCu19,E01_AcidDigestion_GlommaCu19,E01_AcidDigestion_GlommaCu19,A01_AtomicAbsorptio_GlommaCu19,UnknownReference,GlommaCu1990-95_3-Copper-BrackishTran-1994-06-09-R 1,Aquatic,Stressor,Concentration,
GlommaCu1990-95_4,Copper,09/06/1994,Brackish/Transitional Water,1,,458,Not Reported,,,mg/kg (dry),24,,,,,S01_PointSampling_GlommaCu19,E01_AcidDigestion_GlommaCu19,E01_AcidDigestion_GlommaCu19,A01_AtomicAbsorptio_GlommaCu19,UnknownReference,GlommaCu1990-95_4-Copper-BrackishTran-1994-06-09-R 1,Aquatic,Stressor,Concentration,
GlommaCu1990-95_1,Copper,06/07/1994,Brackish/Transitional Water,1,,82.5,Not Reported,,,mg/kg (dry),25,,,,,S01_PointSampling_GlommaCu19,E01_AcidDigestion_GlommaCu19,E01_AcidDigestion_GlommaCu19,A01_AtomicAbsorptio_GlommaCu19,UnknownReference,GlommaCu1990-95_1-Copper-BrackishTran-1994-07-06-R 1,Aquatic,Stressor,Concentration,
GlommaCu1990-95_2,Copper,06/07/1994,Brackish/Transitional Water,1,,185,Not Reported,,,mg/kg (dry),26,,,,,S01_PointSampling_GlommaCu19,E01_AcidDigestion_GlommaCu19,E01_AcidDigestion_GlommaCu19,A01_AtomicAbsorptio_GlommaCu19,UnknownReference,GlommaCu1990-95_2-Copper-BrackishTran-1994-07-06-R 1,Aquatic,Stressor,Concentration,
GlommaCu1990-95_3,Copper,06/07/1994,Brackish/Transitional Water,1,,453,Not Reported,,,mg/kg (dry),27,,,,,S01_PointSampling_GlommaCu19,E01_AcidDigestion_GlommaCu19,E01_AcidDigestion_GlommaCu19,A01_AtomicAbsorptio_GlommaCu19,UnknownReference,GlommaCu1990-95_3-Copper-BrackishTran-1994-07-06-R 1,Aquatic,Stressor,Concentration,
GlommaCu1990-95_4,Copper,06/07/1994,Brackish/Transitional Water,1,,75,Not Reported,,,mg/kg (dry),28,,,,,S01_PointSampling_GlommaCu19,E01_AcidDigestion_GlommaCu19,E01_AcidDigestion_GlommaCu19,A01_AtomicAbsorptio_GlommaCu19,UnknownReference,GlommaCu1990-95_4-Copper-BrackishTran-1994-07-06-R 1,Aquatic,Stressor,Concentration,
GlommaCu1990-95_1,Copper,04/08/1994,Brackish/Transitional Water,1,,533,Not Reported,,,mg/kg (dry),29,,,,,S01_PointSampling_GlommaCu19,E01_AcidDigestion_GlommaCu19,E01_AcidDigestion_GlommaCu19,A01_AtomicAbsorptio_GlommaCu19,UnknownReference,GlommaCu1990-95_1-Copper-BrackishTran-1994-08-04-R 1,Aquatic,Stressor,Concentration,
GlommaCu1990-95_2,Copper,04/08/1994,Brackish/Transitional Water,1,,96.5,Not Reported,,,mg/kg (dry),30,,,,,S01_PointSampling_GlommaCu19,E01_AcidDigestion_GlommaCu19,E01_AcidDigestion_GlommaCu19,A01_AtomicAbsorptio_GlommaCu19,UnknownReference,GlommaCu1990-95_2-Copper-BrackishTran-1994-08-04-R 1,Aquatic,Stressor,Concentration,
GlommaCu1990-95_3,Copper,04/08/1994,Brackish/Transitional Water,1,,137,Not Reported,,,mg/kg (dry),31,,,,,S01_PointSampling_GlommaCu19,E01_AcidDigestion_GlommaCu19,E01_AcidDigestion_GlommaCu19,A01_AtomicAbsorptio_GlommaCu19,UnknownReference,GlommaCu1990-95_3-Copper-BrackishTran-1994-08-04-R 1,Aquatic,Stressor,Concentration,
GlommaCu1990-95_4,Copper,04/08/1994,Brackish/Transitional Water,1,,159,Not Reported,,,mg/kg (dry),32,,,,,S01_PointSampling_GlommaCu19,E01_AcidDigestion_GlommaCu19,E01_AcidDigestion_GlommaCu19,A01_AtomicAbsorptio_GlommaCu19,UnknownReference,GlommaCu1990-95_4-Copper-BrackishTran-1994-08-04-R 1,Aquatic,Stressor,Concentration,
GlommaCu1990-95_1,Copper,05/09/1994,Brackish/Transitional Water,1,,196,Not Reported,,,mg/kg (dry),33,,,,,S01_PointSampling_GlommaCu19,E01_AcidDigestion_GlommaCu19,E01_AcidDigestion_GlommaCu19,A01_AtomicAbsorptio_GlommaCu19,UnknownReference,GlommaCu1990-95_1-Copper-BrackishTran-1994-09-05-R 1,Aquatic,Stressor,Concentration,
GlommaCu1990-95_2,Copper,05/09/1994,Brackish/Transitional Water,1,,91.5,Not Reported,,,mg/kg (dry),34,,,,,S01_PointSampling_GlommaCu19,E01_AcidDigestion_GlommaCu19,E01_AcidDigestion_GlommaCu19,A01_AtomicAbsorptio_GlommaCu19,UnknownReference,GlommaCu1990-95_2-Copper-BrackishTran-1994-09-05-R 1,Aquatic,Stressor,Concentration,
GlommaCu1990-95_3,Copper,05/09/1994,Brackish/Transitional Water,1,,113,Not Reported,,,mg/kg (dry),35,,,,,S01_PointSampling_GlommaCu19,E01_AcidDigestion_GlommaCu19,E01_AcidDigestion_GlommaCu19,A01_AtomicAbsorptio_GlommaCu19,UnknownReference,GlommaCu1990-95_3-Copper-BrackishTran-1994-09-05-R 1,Aquatic,Stressor,Concentration,
GlommaCu1990-95_4,Copper,05/09/1994,Brackish/Transitional Water,1,,92.5,Not Reported,,,mg/kg (dry),36,,,,,S01_PointSampling_GlommaCu19,E01_AcidDigestion_GlommaCu19,E01_AcidDigestion_GlommaCu19,A01_AtomicAbsorptio_GlommaCu19,UnknownReference,GlommaCu1990-95_4-Copper-BrackishTran-1994-09-05-R 1,Aquatic,Stressor,Concentration,
GlommaCu1990-95_1,Copper,11/10/1994,Brackish/Transitional Water,1,,161,Not Reported,,,mg/kg (dry),37,,,,,S01_PointSampling_GlommaCu19,E01_AcidDigestion_GlommaCu19,E01_AcidDigestion_GlommaCu19,A01_AtomicAbsorptio_GlommaCu19,UnknownReference,GlommaCu1990-95_1-Copper-BrackishTran-1994-10-11-R 1,Aquatic,Stressor,Concentration,
GlommaCu1990-95_2,Copper,11/10/1994,Brackish/Transitional Water,1,,89,Not Reported,,,mg/kg (dry),38,,,,,S01_PointSampling_GlommaCu19,E01_AcidDigestion_GlommaCu19,E01_AcidDigestion_GlommaCu19,A01_AtomicAbsorptio_GlommaCu19,UnknownReference,GlommaCu1990-95_2-Copper-BrackishTran-1994-10-11-R 1,Aquatic,Stressor,Concentration,
GlommaCu1990-95_3,Copper,11/10/1994,Brackish/Transitional Water,1,,93.5,Not Reported,,,mg/kg (dry),39,,,,,S01_PointSampling_GlommaCu19,E01_AcidDigestion_GlommaCu19,E01_AcidDigestion_GlommaCu19,A01_AtomicAbsorptio_GlommaCu19,UnknownReference,GlommaCu1990-95_3-Copper-BrackishTran-1994-10-11-R 1,Aquatic,Stressor,Concentration,
GlommaCu1990-95_4,Copper,11/10/1994,Brackish/Transitional Water,1,,82.5,Not Reported,,,mg/kg (dry),40,,,,,S01_PointSampling_GlommaCu19,E01_AcidDigestion_GlommaCu19,E01_AcidDigestion_GlommaCu19,A01_AtomicAbsorptio_GlommaCu19,UnknownReference,GlommaCu1990-95_4-Copper-BrackishTran-1994-10-11-R 1,Aquatic,Stressor,Concentration,
GlommaCu1990-95_1,Copper,07/08/1995,Brackish/Transitional Water,1,,36.8,Not Reported,,,mg/kg (dry),41,,,,,S01_PointSampling_GlommaCu19,E01_AcidDigestion_GlommaCu19,E01_AcidDigestion_GlommaCu19,A01_AtomicAbsorptio_GlommaCu19,UnknownReference,GlommaCu1990-95_1-Copper-BrackishTran-1995-08-07-R 1,Aquatic,Stressor,Concentration,
GlommaCu1990-95_2,Copper,07/08/1995,Brackish/Transitional Water,1,,32,Not Reported,,,mg/kg (dry),42,,,,,S01_PointSampling_GlommaCu19,E01_AcidDigestion_GlommaCu19,E01_AcidDigestion_GlommaCu19,A01_AtomicAbsorptio_GlommaCu19,UnknownReference,GlommaCu1990-95_2-Copper-BrackishTran-1995-08-07-R 1,Aquatic,Stressor,Concentration,
GlommaCu1990-95_3,Copper,07/08/1995,Brackish/Transitional Water,1,,32.8,Not Reported,,,mg/kg (dry),43,,,,,S01_PointSampling_GlommaCu19,E01_AcidDigestion_GlommaCu19,E01_AcidDigestion_GlommaCu19,A01_AtomicAbsorptio_GlommaCu19,UnknownReference,GlommaCu1990-95_3-Copper-BrackishTran-1995-08-07-R 1,Aquatic,Stressor,Concentration,
GlommaCu1990-95_4,Copper,07/08/1995,Brackish/Transitional Water,1,,42.4,Not Reported,,,mg/kg (dry),44,,,,,S01_PointSampling_GlommaCu19,E01_AcidDigestion_GlommaCu19,E01_AcidDigestion_GlommaCu19,A01_AtomicAbsorptio_GlommaCu19,UnknownReference,GlommaCu1990-95_4-Copper-BrackishTran-1995-08-07-R 1,Aquatic,Stressor,Concentration,
GlommaCu1990-95_5,Copper,07/08/1995,Brackish/Transitional Water,1,,34,Not Reported,,,mg/kg (dry),45,,,,,S01_PointSampling_GlommaCu19,E01_AcidDigestion_GlommaCu19,E01_AcidDigestion_GlommaCu19,A01_AtomicAbsorptio_GlommaCu19,UnknownReference,GlommaCu1990-95_5-Copper-BrackishTran-1995-08-07-R 1,Aquatic,Stressor,Concentration,
GlommaCu1990-95_6,Copper,07/08/1995,Brackish/Transitional Water,1,,48,Not Reported,,,mg/kg (dry),46,,,,,S01_PointSampling_GlommaCu19,E01_AcidDigestion_GlommaCu19,E01_AcidDigestion_GlommaCu19,A01_AtomicAbsorptio_GlommaCu19,UnknownReference,GlommaCu1990-95_6-Copper-BrackishTran-1995-08-07-R 1,Aquatic,Stressor,Concentration,
GlommaCu1990-95_7,Copper,07/08/1995,Brackish/Transitional Water,1,,180,Not Reported,,,mg/kg (dry),47,,,,,S01_PointSampling_GlommaCu19,E01_AcidDigestion_GlommaCu19,E01_AcidDigestion_GlommaCu19,A01_AtomicAbsorptio_GlommaCu19,UnknownReference,GlommaCu1990-95_7-Copper-BrackishTran-1995-08-07-R 1,Aquatic,Stressor,Concentration,
GlommaCu1990-95_8,Copper,07/08/1995,Brackish/Transitional Water,1,,48,Not Reported,,,mg/kg (dry),48,,,,,S01_PointSampling_GlommaCu19,E01_AcidDigestion_GlommaCu19,E01_AcidDigestion_GlommaCu19,A01_AtomicAbsorptio_GlommaCu19,UnknownReference,GlommaCu1990-95_8-Copper-BrackishTran-1995-08-07-R 1,Aquatic,Stressor,Concentration,
