﻿"SITE_CODE","SITE_NAME","PARAMETER_NAME","PARAMETER_TYPE","ENVIRON_COMPARTMENT","ENVIRON_COMPARTMENT_SUB","MEASURED_CATEGORY","SAMPLING_DATE","SUBSAMPLE","SAMPLE_ID"
"GlommaCu1990-95_1","Glomma estuary station 1","Copper","Stressor","Aquatic","Brackish/Transitional Water","External","1990-06-07","1","GlommaCu1990-95_1-Copper-BrackishTran-1990-06-07-R 1"
"GlommaCu1990-95_2","Glomma estuary station 2","Copper","Stressor","Aquatic","Brackish/Transitional Water","External","1990-06-07","1","GlommaCu1990-95_2-Copper-BrackishTran-1990-06-07-R 1"
"GlommaCu1990-95_3","Glomma estuary station 3","Copper","Stressor","Aquatic","Brackish/Transitional Water","External","1990-06-07","1","GlommaCu1990-95_3-Copper-BrackishTran-1990-06-07-R 1"
"GlommaCu1990-95_4","Glomma estuary station 4","Copper","Stressor","Aquatic","Brackish/Transitional Water","External","1990-06-07","1","GlommaCu1990-95_4-Copper-BrackishTran-1990-06-07-R 1"
"GlommaCu1990-95_1","Glomma estuary station 1","Copper","Stressor","Aquatic","Brackish/Transitional Water","External","1990-07-02","1","GlommaCu1990-95_1-Copper-BrackishTran-1990-07-02-R 1"
"GlommaCu1990-95_2","Glomma estuary station 2","Copper","Stressor","Aquatic","Brackish/Transitional Water","External","1990-07-02","1","GlommaCu1990-95_2-Copper-BrackishTran-1990-07-02-R 1"
"GlommaCu1990-95_3","Glomma estuary station 3","Copper","Stressor","Aquatic","Brackish/Transitional Water","External","1990-07-02","1","GlommaCu1990-95_3-Copper-BrackishTran-1990-07-02-R 1"
"GlommaCu1990-95_4","Glomma estuary station 4","Copper","Stressor","Aquatic","Brackish/Transitional Water","External","1990-07-02","1","GlommaCu1990-95_4-Copper-BrackishTran-1990-07-02-R 1"
"GlommaCu1990-95_1","Glomma estuary station 1","Copper","Stressor","Aquatic","Brackish/Transitional Water","External","1990-08-01","1","GlommaCu1990-95_1-Copper-BrackishTran-1990-08-01-R 1"
"GlommaCu1990-95_2","Glomma estuary station 2","Copper","Stressor","Aquatic","Brackish/Transitional Water","External","1990-08-01","1","GlommaCu1990-95_2-Copper-BrackishTran-1990-08-01-R 1"
"GlommaCu1990-95_3","Glomma estuary station 3","Copper","Stressor","Aquatic","Brackish/Transitional Water","External","1990-08-01","1","GlommaCu1990-95_3-Copper-BrackishTran-1990-08-01-R 1"
"GlommaCu1990-95_4","Glomma estuary station 4","Copper","Stressor","Aquatic","Brackish/Transitional Water","External","1990-08-01","1","GlommaCu1990-95_4-Copper-BrackishTran-1990-08-01-R 1"
"GlommaCu1990-95_1","Glomma estuary station 1","Copper","Stressor","Aquatic","Brackish/Transitional Water","External","1990-09-10","1","GlommaCu1990-95_1-Copper-BrackishTran-1990-09-10-R 1"
"GlommaCu1990-95_2","Glomma estuary station 2","Copper","Stressor","Aquatic","Brackish/Transitional Water","External","1990-09-10","1","GlommaCu1990-95_2-Copper-BrackishTran-1990-09-10-R 1"
"GlommaCu1990-95_3","Glomma estuary station 3","Copper","Stressor","Aquatic","Brackish/Transitional Water","External","1990-09-10","1","GlommaCu1990-95_3-Copper-BrackishTran-1990-09-10-R 1"
"GlommaCu1990-95_4","Glomma estuary station 4","Copper","Stressor","Aquatic","Brackish/Transitional Water","External","1990-09-10","1","GlommaCu1990-95_4-Copper-BrackishTran-1990-09-10-R 1"
"GlommaCu1990-95_1","Glomma estuary station 1","Copper","Stressor","Aquatic","Brackish/Transitional Water","External","1990-10-08","1","GlommaCu1990-95_1-Copper-BrackishTran-1990-10-08-R 1"
"GlommaCu1990-95_2","Glomma estuary station 2","Copper","Stressor","Aquatic","Brackish/Transitional Water","External","1990-10-08","1","GlommaCu1990-95_2-Copper-BrackishTran-1990-10-08-R 1"
"GlommaCu1990-95_3","Glomma estuary station 3","Copper","Stressor","Aquatic","Brackish/Transitional Water","External","1990-10-08","1","GlommaCu1990-95_3-Copper-BrackishTran-1990-10-08-R 1"
"GlommaCu1990-95_4","Glomma estuary station 4","Copper","Stressor","Aquatic","Brackish/Transitional Water","External","1990-10-08","1","GlommaCu1990-95_4-Copper-BrackishTran-1990-10-08-R 1"
"GlommaCu1990-95_1","Glomma estuary station 1","Copper","Stressor","Aquatic","Brackish/Transitional Water","External","1994-06-09","1","GlommaCu1990-95_1-Copper-BrackishTran-1994-06-09-R 1"
"GlommaCu1990-95_2","Glomma estuary station 2","Copper","Stressor","Aquatic","Brackish/Transitional Water","External","1994-06-09","1","GlommaCu1990-95_2-Copper-BrackishTran-1994-06-09-R 1"
"GlommaCu1990-95_3","Glomma estuary station 3","Copper","Stressor","Aquatic","Brackish/Transitional Water","External","1994-06-09","1","GlommaCu1990-95_3-Copper-BrackishTran-1994-06-09-R 1"
"GlommaCu1990-95_4","Glomma estuary station 4","Copper","Stressor","Aquatic","Brackish/Transitional Water","External","1994-06-09","1","GlommaCu1990-95_4-Copper-BrackishTran-1994-06-09-R 1"
"GlommaCu1990-95_1","Glomma estuary station 1","Copper","Stressor","Aquatic","Brackish/Transitional Water","External","1994-07-06","1","GlommaCu1990-95_1-Copper-BrackishTran-1994-07-06-R 1"
"GlommaCu1990-95_2","Glomma estuary station 2","Copper","Stressor","Aquatic","Brackish/Transitional Water","External","1994-07-06","1","GlommaCu1990-95_2-Copper-BrackishTran-1994-07-06-R 1"
"GlommaCu1990-95_3","Glomma estuary station 3","Copper","Stressor","Aquatic","Brackish/Transitional Water","External","1994-07-06","1","GlommaCu1990-95_3-Copper-BrackishTran-1994-07-06-R 1"
"GlommaCu1990-95_4","Glomma estuary station 4","Copper","Stressor","Aquatic","Brackish/Transitional Water","External","1994-07-06","1","GlommaCu1990-95_4-Copper-BrackishTran-1994-07-06-R 1"
"GlommaCu1990-95_1","Glomma estuary station 1","Copper","Stressor","Aquatic","Brackish/Transitional Water","External","1994-08-04","1","GlommaCu1990-95_1-Copper-BrackishTran-1994-08-04-R 1"
"GlommaCu1990-95_2","Glomma estuary station 2","Copper","Stressor","Aquatic","Brackish/Transitional Water","External","1994-08-04","1","GlommaCu1990-95_2-Copper-BrackishTran-1994-08-04-R 1"
"GlommaCu1990-95_3","Glomma estuary station 3","Copper","Stressor","Aquatic","Brackish/Transitional Water","External","1994-08-04","1","GlommaCu1990-95_3-Copper-BrackishTran-1994-08-04-R 1"
"GlommaCu1990-95_4","Glomma estuary station 4","Copper","Stressor","Aquatic","Brackish/Transitional Water","External","1994-08-04","1","GlommaCu1990-95_4-Copper-BrackishTran-1994-08-04-R 1"
"GlommaCu1990-95_1","Glomma estuary station 1","Copper","Stressor","Aquatic","Brackish/Transitional Water","External","1994-09-05","1","GlommaCu1990-95_1-Copper-BrackishTran-1994-09-05-R 1"
"GlommaCu1990-95_2","Glomma estuary station 2","Copper","Stressor","Aquatic","Brackish/Transitional Water","External","1994-09-05","1","GlommaCu1990-95_2-Copper-BrackishTran-1994-09-05-R 1"
"GlommaCu1990-95_3","Glomma estuary station 3","Copper","Stressor","Aquatic","Brackish/Transitional Water","External","1994-09-05","1","GlommaCu1990-95_3-Copper-BrackishTran-1994-09-05-R 1"
"GlommaCu1990-95_4","Glomma estuary station 4","Copper","Stressor","Aquatic","Brackish/Transitional Water","External","1994-09-05","1","GlommaCu1990-95_4-Copper-BrackishTran-1994-09-05-R 1"
"GlommaCu1990-95_1","Glomma estuary station 1","Copper","Stressor","Aquatic","Brackish/Transitional Water","External","1994-10-11","1","GlommaCu1990-95_1-Copper-BrackishTran-1994-10-11-R 1"
"GlommaCu1990-95_2","Glomma estuary station 2","Copper","Stressor","Aquatic","Brackish/Transitional Water","External","1994-10-11","1","GlommaCu1990-95_2-Copper-BrackishTran-1994-10-11-R 1"
"GlommaCu1990-95_3","Glomma estuary station 3","Copper","Stressor","Aquatic","Brackish/Transitional Water","External","1994-10-11","1","GlommaCu1990-95_3-Copper-BrackishTran-1994-10-11-R 1"
"GlommaCu1990-95_4","Glomma estuary station 4","Copper","Stressor","Aquatic","Brackish/Transitional Water","External","1994-10-11","1","GlommaCu1990-95_4-Copper-BrackishTran-1994-10-11-R 1"
"GlommaCu1990-95_1","Glomma estuary station 1","Copper","Stressor","Aquatic","Brackish/Transitional Water","External","1995-08-07","1","GlommaCu1990-95_1-Copper-BrackishTran-1995-08-07-R 1"
"GlommaCu1990-95_2","Glomma estuary station 2","Copper","Stressor","Aquatic","Brackish/Transitional Water","External","1995-08-07","1","GlommaCu1990-95_2-Copper-BrackishTran-1995-08-07-R 1"
"GlommaCu1990-95_3","Glomma estuary station 3","Copper","Stressor","Aquatic","Brackish/Transitional Water","External","1995-08-07","1","GlommaCu1990-95_3-Copper-BrackishTran-1995-08-07-R 1"
"GlommaCu1990-95_4","Glomma estuary station 4","Copper","Stressor","Aquatic","Brackish/Transitional Water","External","1995-08-07","1","GlommaCu1990-95_4-Copper-BrackishTran-1995-08-07-R 1"
"GlommaCu1990-95_5","Oslofjord station 5","Copper","Stressor","Aquatic","Brackish/Transitional Water","External","1995-08-07","1","GlommaCu1990-95_5-Copper-BrackishTran-1995-08-07-R 1"
"GlommaCu1990-95_6","Oslofjord station 6","Copper","Stressor","Aquatic","Brackish/Transitional Water","External","1995-08-07","1","GlommaCu1990-95_6-Copper-BrackishTran-1995-08-07-R 1"
"GlommaCu1990-95_7","Oslofjord station 7","Copper","Stressor","Aquatic","Brackish/Transitional Water","External","1995-08-07","1","GlommaCu1990-95_7-Copper-BrackishTran-1995-08-07-R 1"
"GlommaCu1990-95_8","Oslofjord station 8","Copper","Stressor","Aquatic","Brackish/Transitional Water","External","1995-08-07","1","GlommaCu1990-95_8-Copper-BrackishTran-1995-08-07-R 1"
