"PROTOCOL_ID","CAMPAIGN_NAME","PROTOCOL_CATEGORY","PROTOCOL_NAME","PROTOCOL_COMMENT"
"S01_CagedOrganisms_Hustadmarm","Omya Hustadmarmor mine discharge biological effects assessment","Sampling Protocol","Caged organisms","Blue mussels collected from Oslo fjord, placed in nylon mesh socks (5 pockets of 20 mussels each), attached to moorings positioned at depths of 18-20m for 8 weeks"
"F01_CagedOrganisms_Hustadmarm","Omya Hustadmarmor mine discharge biological effects assessment","Fractionation Protocol","Acid-extractable fraction","Mussels freeze-dried, homogenised, extracted 3x using acetonitrile/formic acid and centrifuged. Dried under nitrogen stream and reconstituted in acetonitrile/formic acid."
"E01_CagedOrganisms_Hustadmarm","Omya Hustadmarmor mine discharge biological effects assessment","Extraction Protocol","Acid digestion","Mussels freeze-dried, homogenised, extracted 3x using acetonitrile/formic acid and centrifuged. Dried under nitrogen stream and reconstituted in acetonitrile/formic acid."
"A01_CagedOrganisms_Hustadmarm","Omya Hustadmarmor mine discharge biological effects assessment","Analytical Protocol","Inductively coupled plasma mass spectrometry","Metal concentrations determined in homogenized whole soft tissue samples using inductively coupled plasma-mass spectrometer (ICP-MS, Perkin-Elmer Sciex ELAN 6000)"
