"SITE_CODE","SITE_NAME","SITE_GEOGRAPHIC_FEATURE","SITE_GEOGRAPHIC_FEATURE_SUB","COUNTRY","AREA","LATITUDE","LONGITUDE","SITE_COORDINATE_SYSTEM","ALTITUDE_VALUE","ALTITUDE_UNIT","ENTERED_BY","ENTERED_DATE","SITE_COMMENT"
"Frænfjord_Brooks_Biomonitoring_1","Biomonitoring Site for Frænfjord limestone mine, 1500m from tailings source","Coastal, fjord","Water column, pelagic zone","Norway","",62.8403,7.0926,"WGS 84",-19,"m","Sam Welch","2025-10-31","Approximate coordinates of site used for biomonitoring with captured mussels."
"Frænfjord_Brooks_Biomonitoring_2","Biomonitoring Site for Frænfjord limestone mine, 2000m from tailings source","Coastal, fjord","Water column, pelagic zone","Norway","",62.8376,7.0822,"WGS 84",-19,"m","Sam Welch","2025-10-31","Approximate coordinates of site used for biomonitoring with captured mussels."
"Frænfjord_Brooks_Biomonitoring_3","Biomonitoring Site for Frænfjord limestone mine, 6000m from tailings source","Coastal, fjord","Water column, pelagic zone","Norway","",62.8262,7.004,"WGS 84",-19,"m","Sam Welch","2025-10-31","Approximate coordinates of site used for biomonitoring with captured mussels."
"Solbergstrand_Brooks_Mussel_Source","Location of Blue mussel collection/culturing with filtered seawater.","Coastal, fjord","Water column, pelagic zone","Norway","",59.6162,10.6491,"WGS 84",0,"m","Sam Welch","2025-10-31","Mussels used in biomonitoring were collected from the vicinity of Solbergstrand station and cultured in filtered seawater. It is presumed that copper concentrations in this seawater will be roughly equivalent to fjord conditions."
