"SITE_CODE","PARAMETER_NAME","SAMPLING_DATE","ENVIRON_COMPARTMENT_SUB","SUBSAMPLE","MEASURED_FLAG","MEASURED_VALUE","UNCERTAINTY_TYPE","UNCERTAINTY_UPPER","UNCERTAINTY_LOWER","MEASURED_UNIT","MEASURED_N","LOQ_VALUE","LOQ_UNIT","LOD_VALUE","LOD_UNIT","SAMPLING_PROTOCOL","EXTRACTION_PROTOCOL","FRACTIONATION_PROTOCOL","ANALYTICAL_PROTOCOL","REFERENCE_ID","SAMPLE_ID","ENVIRON_COMPARTMENT","PARAMETER_TYPE","MEASURED_TYPE"
"Frænfjord_Brooks_Biomonitoring_1","Copper","2016-06-21","Biota, Aquatic","1","",8.02,"Standard Deviation",7.32,8.72,"μg/g (wet)",100,NA,"mg/L",NA,"mg/L","Caged organisms","Acid digestion","Acid-extractable fraction","Inductively coupled plasma mass spectrometry","UnknownReference","Frænfjord_Brooks_Biomonitoring_1-Copper-BiotaAquatic-2016-06-21-R 1","Biota","Stressor","Concentration"
"Frænfjord_Brooks_Biomonitoring_2","Copper","2016-06-21","Biota, Aquatic","1","",7.46,"Standard Deviation",9.16,5.76,"μg/g (wet)",100,NA,"mg/L",NA,"mg/L","Caged organisms","Acid digestion","Acid-extractable fraction","Inductively coupled plasma mass spectrometry","UnknownReference","Frænfjord_Brooks_Biomonitoring_2-Copper-BiotaAquatic-2016-06-21-R 1","Biota","Stressor","Concentration"
"Frænfjord_Brooks_Biomonitoring_3","Copper","2016-06-21","Biota, Aquatic","1","",7.12,"Standard Deviation",7.42,6.82,"μg/g (wet)",100,NA,"mg/L",NA,"mg/L","Caged organisms","Acid digestion","Acid-extractable fraction","Inductively coupled plasma mass spectrometry","UnknownReference","Frænfjord_Brooks_Biomonitoring_3-Copper-BiotaAquatic-2016-06-21-R 1","Biota","Stressor","Concentration"
"Solbergstrand_Brooks_Mussel_Source","Copper","2016-04-01","Biota, Aquatic","1","",7.62,"Standard Deviation",7.81,7.43,"μg/g (wet)",100,NA,"mg/L",NA,"mg/L","Caged organisms","Acid digestion","Acid-extractable fraction","Inductively coupled plasma mass spectrometry","UnknownReference","Solbergstrand_Brooks_Mussel_Source-Copper-BiotaAquatic-2016-04-01-R 1","Biota","Stressor","Concentration"
