"SAMPLE_ID","SITE_CODE","PARAMETER_NAME","ENVIRON_COMPARTMENT","ENVIRON_COMPARTMENT_SUB","MEASURED_CATEGORY","SAMPLING_DATE","SUBSAMPLE","SPECIES_GROUP","SAMPLE_SPECIES","SAMPLE_TISSUE","SAMPLE_SPECIES_LIFESTAGE","SAMPLE_SPECIES_GENDER","BIOTA_COMMENT"
"Frænfjord_Brooks_Biomonitoring_1-Copper-BiotaAquatic-2016-06-21-R 1","Frænfjord_Brooks_Biomonitoring_1","Copper","Biota","Biota, Aquatic","Internal","2016-06-21","1","Molluscs","Mytilus edulis","Total Soft Tissues","Adult","Not reported",""
"Frænfjord_Brooks_Biomonitoring_2-Copper-BiotaAquatic-2016-06-21-R 1","Frænfjord_Brooks_Biomonitoring_2","Copper","Biota","Biota, Aquatic","Internal","2016-06-21","1","Molluscs","Mytilus edulis","Total Soft Tissues","Adult","Not reported",""
"Frænfjord_Brooks_Biomonitoring_3-Copper-BiotaAquatic-2016-06-21-R 1","Frænfjord_Brooks_Biomonitoring_3","Copper","Biota","Biota, Aquatic","Internal","2016-06-21","1","Molluscs","Mytilus edulis","Total Soft Tissues","Adult","Not reported",""
"Solbergstrand_Brooks_Mussel_Source-Copper-BiotaAquatic-2016-04-01-R 1","Solbergstrand_Brooks_Mussel_Source","Copper","Biota","Biota, Aquatic","Internal","2016-04-01","1","Molluscs","Mytilus edulis","Total Soft Tissues","Adult","Not reported",""
