﻿"SITE_CODE","SITE_NAME","SITE_GEOGRAPHIC_FEATURE","SITE_GEOGRAPHIC_FEATURE_SUB","SITE_COORDINATE_SYSTEM","LATITUDE","LONGITUDE","COUNTRY","AREA","ALTITUDE_VALUE","ALTITUDE_UNIT","ENTERED_BY","ENTERED_DATE","SITE_COMMENT"
"Flekkefjord2018_S1","S1 - Reference site in outer Flekkefjord","Coastal, fjord","Water column, pelagic zone","WGS 84",58.275,6.6536,"Norway","Norway",10,"m","Sam Welch","2025-11-02","Located in the outer part of Flekkefjord and chosen as a reference site. Coordinates: 58° 16′ 30.0″ N—6° 39′ 12.9″ E"
"Flekkefjord2018_S2","S2 - Near old ship industry","Coastal, fjord","Water column, pelagic zone","WGS 84",58.2841,6.6543,"Norway","Norway",10,"m","Sam Welch","2025-11-02","Located nearby an old ship industry. Coordinates: 58° 17′ 02.7″ N—6° 39′ 15.6″ E"
"Flekkefjord2018_S3","S3 - Near Slippen industrial area","Coastal, fjord","Water column, pelagic zone","WGS 84",58.2897,6.6586,"Norway","Norway",10,"m","Sam Welch","2025-11-02","Located nearby the old industrial area called 'Slippen'. Coordinates: 58° 17′ 23.0″ N—6° 39′ 30.9″ E"
"Flekkefjord2018_S4","S4 - Near old landfill","Coastal, fjord","Water column, pelagic zone","WGS 84",58.2927,6.6615,"Norway","Norway",10,"m","Sam Welch","2025-11-02","Located close to an old landfill. Coordinates: 58° 17′ 33.8″ N—6° 39′ 41.3″ E"
"Flekkefjord2018_S5","S5 - Near abandoned tannery","Coastal, fjord","Water column, pelagic zone","WGS 84",58.2954,6.6535,"Norway","Norway",10,"m","Sam Welch","2025-11-02","Located close to an abandoned tannery. Complete mortality of mussels occurred at t=166 days in the cage placed at 15-m depth. Coordinates: 58° 17′ 43.3″ N—6° 39′ 12.5″ E"
