"PROTOCOL_ID","CAMPAIGN_NAME","PROTOCOL_CATEGORY","PROTOCOL_NAME","PROTOCOL_COMMENT"
"S01_Grab_BarentsSea","Heavy metals in inshore benthic invertebrates from the Barents Sea - summer 1994","Sampling Protocol","Grab","Animals were collected at low tide from rocky shores and were kept for 24 h in aerated seawater for defecation, with the only exception of A. marina which was sampled from a sandy tide flat"
"A01_Grab_BarentsSea","Heavy metals in inshore benthic invertebrates from the Barents Sea - summer 1994","Analytical Protocol","GFAAS","Sequential multi-element graphite tube atomic absorption spectroscopy (Varian Techtron, SpectrAA-30, GTA-96, wall atomisation) and Zeeman background correction for Cd, Pb, Ni and Cu"
"F01_Grab_BarentsSea","Heavy metals in inshore benthic invertebrates from the Barents Sea - summer 1994","Fractionation Protocol","Acid extractable","Aliquots of approximately 10 mg dried material were digested for 1 h at 96 °C with 50 ml HNO3 (70–71%, Baker Instra-Analysed) in 1.5 ml Eppendorf reaction tubes"
"E01_Grab_BarentsSea","Heavy metals in inshore benthic invertebrates from the Barents Sea - summer 1994","Extraction Protocol","Acid digestion","Aliquots of approximately 10 mg dried material were digested for 1 h at 96 °C with 50 ml HNO3 (70–71%, Baker Instra-Analysed) in 1.5 ml Eppendorf reaction tubes"
