﻿"PROTOCOL_ID","CAMPAIGN_NAME","PROTOCOL_CATEGORY","PROTOCOL_NAME","PROTOCOL_COMMENT"
"S01_CompositeSampli_Trondheim2","Monitoring and modelling of influent patterns, phase distribution and removal of 20 elements in two primary wastewater treatment plants in Norway","Sampling Protocol","Composite sampling","24 h composite samples of raw influent wastewater and treated effluent were collected using refrigerated automatic samplers. Volume-proportional (VP) composite samples for LARA influent and effluent, flow-proportional for HØRA influent."
"S02_GrabSampling_Trondheim2","Monitoring and modelling of influent patterns, phase distribution and removal of 20 elements in two primary wastewater treatment plants in Norway","Sampling Protocol","Grab sampling","Grab samples of biosolids collected at the end of sludge treatment line (LARA: n=3; HØRA: n=2)"
"F01_SizeFractionate_Trondheim2","Monitoring and modelling of influent patterns, phase distribution and removal of 20 elements in two primary wastewater treatment plants in Norway","Fractionation Protocol","Size fractionated","Samples sequentially filtered through 2.7 μm and 0.7 μm pore size glass fibre filters, then ultrafiltration using 3 kDa filter to separate particulate (>0.7 μm), colloidal (0.7 μm to 3 kDa), and dissolved (<3 kDa) fractions."
"E01_Filtration_Trondheim2","Monitoring and modelling of influent patterns, phase distribution and removal of 20 elements in two primary wastewater treatment plants in Norway","Extraction Protocol","Filtration","Samples sequentially filtered through 2.7 μm and 0.7 μm pore size glass fibre filters, then ultrafiltration using 3 kDa filter to separate particulate (>0.7 μm), colloidal (0.7 μm to 3 kDa), and dissolved (<3 kDa) fractions."
"A01_InductivelyCoup_Trondheim2","Monitoring and modelling of influent patterns, phase distribution and removal of 20 elements in two primary wastewater treatment plants in Norway","Analytical Protocol","Inductively coupled plasma mass spectrometry","ICP-QQQ, Agilent 8800 with 115In and 89Y as internal standards used for elemental analysis including copper"
