"scope","region","source_category","medium","total_kg_yr","sd_total_kg_yr","n_years","n_facilities","year_min","year_max","mean_kg_yr","sd_kg_yr","n_rows","n_dropped"
"National",NA,"Land-based industry","Water",13203.537655138947,14457.746818243633,36,135,1985,2023,150.56298878207224,1574.359418554366,3157,1
"National",NA,"Waste water treatment","Water",5172.666428652174,1518.122205245258,23,69,2002,2024,121.52331752706844,265.3682533121148,979,0
"National",NA,"Land-based industry","Air",3261.124392639511,1354.549695653444,36,87,1985,2023,76.5821775179533,377.0091286307592,1533,1
"National",NA,"Offshore oil and gas","Water",675.0304544285714,1041.48112249783,28,35,1997,2024,22.23629732235294,162.8405582390552,850,0
"National",NA,"Landfills","Water",402.02937013270713,134.3334879664389,14,148,2011,2024,3.0655834323844773,15.107713424246228,1836,2
"Fylke","Østfold","Land-based industry","Water",6117.9588205882355,3085.443145961409,34,15,1991,2024,679.7732022875817,2125.0784478632763,306,3
"Fylke","Vestland","Land-based industry","Water",3113.3772635,13507.279843319997,36,28,1985,2023,168.03835305247375,2991.9623448511857,667,1
"Fylke","Agder","Land-based industry","Air",2064.2064944444446,1553.3113513276664,36,8,1985,2023,424.63676457142856,1031.1990559572703,175,0
"Fylke","Nordland","Land-based industry","Water",1507.8653731875,1714.123555814806,32,7,1985,2023,299.69994995031055,884.2027700637633,161,5
"Fylke","Agder","Land-based industry","Water",1487.8816994444444,1316.5153623930723,36,9,1985,2023,253.85659327014218,730.6171477658502,211,0
"Fylke","Akershus","Waste water treatment","Water",1143.369761478261,609.090847437642,23,8,2002,2024,194.79632973333332,383.59761365330235,135,0
"Fylke","Oslo","Waste water treatment","Water",1104.0608023636364,525.5021987389504,22,1,2003,2024,1104.0608023636364,525.5021987389504,22,0
"Fylke","Vestland","Waste water treatment","Water",891.3142855384615,1540.196122177291,13,9,2005,2024,146.67197103797469,311.87646151425025,79,6
"Fylke","Trøndelag","Waste water treatment","Water",822.5297290588236,303.6770995772245,17,6,2005,2024,245.31588410526317,240.5784958604235,57,0
"Fylke","Kontinentalsokkelen","Offshore oil and gas","Water",675.0304544285714,1041.48112249783,28,35,1997,2024,22.23629732235294,162.8405582390552,850,0
"Fylke","Rogaland","Waste water treatment","Water",565.2422614375,216.79547402713567,16,7,2009,2024,117.45293744155845,144.61710081469812,77,1
"Fylke","Vestland","Land-based industry","Air",559.8365157272727,338.95537858168336,33,15,1991,2023,65.51278375531915,113.75856460341444,282,1
"Fylke","Innlandet","Land-based industry","Water",532.2204391891892,1730.6560899432577,37,11,1985,2024,67.67064003436425,631.3763874593399,291,0
"Fylke","Vestfold","Waste water treatment","Water",521.7640748260869,203.41535151785274,23,6,2002,2024,113.21295963207547,170.09620049975766,106,0
"Fylke","Rogaland","Land-based industry","Water",347.74119496969695,347.9429400987559,33,11,1985,2023,40.123984034965034,140.91243809917265,286,4
"Fylke","Nordland","Land-based industry","Air",276.6286423076923,165.8360388516276,26,7,1997,2023,47.00878888888889,84.63646349299918,153,4
"Fylke","Møre og Romsdal","Land-based industry","Water",247.6179470882353,262.3592343584724,34,12,1985,2024,34.08506154251012,120.6828678483461,247,0
"Fylke","Innlandet","Waste water treatment","Water",233.7023513478261,108.0444243676551,23,6,2002,2024,61.081296375,57.46080243420401,88,0
"Fylke","Østfold","Waste water treatment","Water",207.96707486363636,63.11304385940636,22,8,2003,2024,35.7443409921875,33.09704326031701,128,0
"Fylke","Rogaland","Land-based industry","Air",190.17230073076922,147.08997000607494,26,6,1999,2024,48.0046584368932,99.21496257271536,103,0
"Fylke","Buskerud","Waste water treatment","Water",189.54945204545456,124.87011688820184,22,8,2002,2024,41.70087945,49.1719726928333,100,0
"Fylke","Agder","Waste water treatment","Water",146.1358209090909,249.71952533117044,22,6,2002,2024,38.734795903614454,119.03801417478016,83,0
"Fylke","Møre og Romsdal","Land-based industry","Air",140.16448087096774,161.27033404672392,31,6,1994,2024,44.33774394897959,110.09817814668767,98,0
"Fylke","Møre og Romsdal","Waste water treatment","Water",138.9063947142857,25.928178877321866,7,5,2018,2024,36.012769,9.628469856256146,27,0
"Fylke","Troms","Waste water treatment","Water",132.6814704,46.818480880698175,10,3,2005,2024,63.18165257142857,14.208105724463504,21,0
"Fylke","Buskerud","Land-based industry","Water",99.74878696969697,77.05342089178383,33,10,1985,2023,15.600521184834124,44.64288755172837,211,4
"Fylke","Oslo","Land-based industry","Air",90.291996,80.13570255158578,25,3,1999,2023,32.714491304347824,63.74979294520179,69,0
"Fylke","Telemark","Land-based industry","Water",84.35991621621622,59.83986968670133,37,9,1985,2024,19.63092389937107,32.94988564788067,159,0
"Fylke","Nordland","Waste water treatment","Water",80.15488275,12.386965139258454,4,1,2021,2024,80.15488275,12.386965139258454,4,0
"Fylke","Trøndelag","Land-based industry","Water",74.16710000006364,64.59706570273542,33,12,1992,2024,12.17668805971194,31.341519363012715,201,0
"Fylke","Telemark","Waste water treatment","Water",70.23572509090909,27.673009872593127,22,2,2003,2024,37.68746224390244,25.721888950218336,41,0
"Fylke","Vestland","Landfills","Water",67.07305355121429,46.0821316759559,14,18,2011,2024,4.580598779107317,14.154826095687847,205,0
"Fylke","Rogaland","Landfills","Water",65.33532940614286,49.389694193518324,14,13,2011,2024,5.380556539329412,14.12921462360065,170,0
"Fylke","Telemark","Land-based industry","Air",58.66466538461538,71.11968691858502,26,5,1999,2024,19.307358227848102,41.427143675935056,79,0
"Fylke","Akershus","Land-based industry","Water",56.15157659375,76.61307291930063,32,7,1992,2023,17.112861438095237,49.13324342985726,105,0
"Fylke","Akershus","Land-based industry","Air",52.330026315789475,183.10105487244178,19,2,2001,2023,47.34621428571428,174.41579845247188,21,0
"Fylke","Trøndelag","Land-based industry","Air",51.801268,23.798527381466975,25,9,1999,2023,6.710008808290156,9.845591063959752,193,0
"Fylke","Buskerud","Landfills","Water",51.48565514928571,64.05922084213618,14,8,2011,2024,8.190899682840909,30.989064575163095,88,0
"Fylke","Vestfold","Landfills","Water",39.44961285271429,119.53822479508918,14,5,2011,2024,9.86240321317857,60.133931985831126,56,0
"Fylke","Agder","Landfills","Water",34.97592747021429,13.399721726684465,14,16,2011,2024,2.365521664652174,5.559534420046153,207,0
"Fylke","Nordland","Landfills","Water",32.15884763775714,19.50751534934376,14,12,2011,2024,3.6017909354288,8.951951606721652,125,0
"Fylke","Telemark","Landfills","Water",28.504562155142857,10.972363642896536,14,6,2011,2024,5.542553752388889,11.658646682677183,72,0
"Fylke","Østfold","Landfills","Water",27.655699268214285,30.74961304299694,14,6,2011,2024,6.244835318629033,16.795814751721263,62,0
"Fylke","Østfold","Land-based industry","Air",27.1112485,37.5935917602583,20,9,2000,2023,4.674353189655172,17.237110202522,116,5
"Fylke","Troms","Land-based industry","Air",23.7539240748,16.923648697772336,27,4,1998,2024,8.551412666928,13.449132671322658,75,0
"Fylke","Akershus","Landfills","Water",18.068374507307144,17.462088841278465,14,29,2011,2024,0.7418100970741935,3.707689545108942,341,2
"Fylke","Buskerud","Land-based industry","Air",16.222034033333333,22.226727826926624,30,3,1995,2024,8.690375375,15.799142042508018,56,0
"Fylke","Trøndelag","Landfills","Water",14.126974006571428,4.717338302042569,14,25,2011,2024,0.7548764736335878,1.6460267878958523,262,0
"Fylke","Finnmark","Land-based industry","Air",10.810015,11.78858020002621,2,1,2022,2023,10.810015,11.78858020002621,2,0
"Fylke","Oslo","Land-based industry","Water",9.94330545945946,5.580678357470386,37,9,1985,2024,2.590861281690141,4.125877119759297,142,0
"Fylke","Innlandet","Landfills","Water",9.7470124195,7.690321797639473,14,8,2011,2024,1.586722952011628,3.6738025808036867,86,0
"Fylke","Møre og Romsdal","Landfills","Water",8.721048350714286,5.2789970101682835,14,9,2011,2024,1.2332795647474748,1.8432573352326727,99,0
"Fylke","Innlandet","Land-based industry","Air",7.9075873479478265,11.256272111106465,23,8,1998,2024,2.7145449104895523,5.480764035887371,67,0
"Fylke","Vestfold","Land-based industry","Water",7.161139702702703,9.723785920410519,37,8,1985,2024,1.720533564935065,5.119970559990603,154,0
"Fylke","Oslo","Landfills","Water",4.440923451428572,2.577269269540032,14,2,2011,2024,2.302701048888889,2.6198928361439067,27,0
"Fylke","Vestfold","Land-based industry","Air",2.8799290714285712,4.974660611297619,28,3,1995,2024,2.0676413846153845,4.2348813666238545,39,0
"Fylke","Finnmark","Land-based industry","Water",0.5171250000000001,1.3018209729766295,12,2,2010,2023,0.34475,1.075474242451427,18,0
"Fylke","Troms","Landfills","Water",0.20491683258333332,0.22631688519627488,12,3,2011,2023,0.10245841629166666,0.18581204888664674,24,0
"Fylke","Finnmark","Landfills","Water",0.1408997,0.35670050479758225,11,2,2014,2024,0.12915805833333333,0.34251727002248955,12,0
"Fylke","Troms","Land-based industry","Water",0.07,NA,1,1,2023,2023,0.07,NA,1,0
"Fylke","Svalbard","Land-based industry","Water",0.014700000000000001,0.018041729407127248,6,1,2018,2023,0.014700000000000001,0.018041729407127248,6,0
"Repparfjorden (Hammerfest kommune)","Hammerfest lng","Land-based industry","Air",10.810015,11.78858020002621,2,1,2022,2023,10.810015,11.78858020002621,2,0
"Repparfjorden (Hammerfest kommune)","Sar as avd. hammerfest","Land-based industry","Water",0.59712,1.422552585085463,10,1,2014,2023,0.59712,1.422552585085463,10,0
"Repparfjorden (Hammerfest kommune)","Finnmark ressursselskap as, grøtnes avfallsdeponi (Finnmark ressursselskap as)","Landfills","Water",0.151378125,0.42371090410407947,8,1,2017,2024,0.151378125,0.42371090410407947,8,0
"Repparfjorden (Hammerfest kommune)","Finnmark gjenvinning - deponi for borekaks på ulveryggen (Finnmark gjenvinning as)","Landfills","Water",0.084717925,0.08550403187231875,4,1,2014,2017,0.084717925,0.08550403187231875,4,0
"Repparfjorden (Hammerfest kommune)","Finnmark gjenvinning as, repparfjord","Land-based industry","Water",0.075,0.10606601717798213,2,1,2010,2011,0.075,0.10606601717798213,2,0
"Repparfjorden (Hammerfest kommune)","Hammerfest lng","Land-based industry","Water",0.01405,0.006299761900262582,6,1,2016,2023,0.01405,0.006299761900262582,6,0
"Repparfjorden (Hammerfest kommune)","All facilities","All","Air",10.810015,11.78858020002621,2,1,2022,2023,10.810015,11.78858020002621,2,0
"Repparfjorden (Hammerfest kommune)","All facilities","All","Water",0.596568976923077,1.2631268640882793,13,4,2010,2024,0.2585132233333333,0.8567805907953209,30,0
