ENVIRON_COMPARTMENT,ENVIRON_COMPARTMENT_SUB,SPECIES_GROUP,SAMPLE_SPECIES,SAMPLE_TISSUE,SITE_GEOGRAPHIC_FEATURE,SITE_GEOGRAPHIC_FEATURE_SUB,MEASURED_UNIT_STANDARD,group_id
Aquatic,Freshwater,,,,"River, stream, canal","Water column, pelagic zone",mg/L,G001-Wfw-Rwc-C
Aquatic,Aquatic Sediment,,,,"Coastal, fjord",Water benthos,mg/kg (dry),G002-Wsd-Cwb-Md
Aquatic,Freshwater,,,,"Lake, pond, pool, reservoir","Water column, pelagic zone",mg/L,G003-Wfw-Lwc-C
Aquatic,Marine/Salt Water,,,,"Coastal, fjord","Water column, pelagic zone",mg/L,G004-Wmw-Cwc-C
Biota,"Biota, Aquatic",Molluscs,Mytilus edulis,Total soft tissues,"Coastal, fjord",Not reported,mg/kg (wet),G005-Bl-Cnr-M-edu-Tst-Mw
Biota,"Biota, Aquatic",Fish,Gadus morhua,Liver,"Coastal, fjord",Not reported,mg/kg (wet),G006-Bf-Cnr-G-mor-Liv-Mw
Biota,"Biota, Aquatic",Molluscs,Mytilus edulis,Total soft tissues,"Coastal, fjord","Water column, pelagic zone",mg/kg (wet),G007-Bl-Cwc-M-edu-Tst-Mw
Aquatic,Aquatic Sediment,,,,"River, stream, canal",Water benthos,mg/kg (dry),G008-Wsd-Rwb-Md
Aquatic,Aquatic Sediment,,,,"Lake, pond, pool, reservoir",Water benthos,mg/kg (dry),G009-Wsd-Lwb-Md
Biota,"Biota, Aquatic",Molluscs,Nucella lapillus,Total soft tissues,"Coastal, fjord",Not reported,mg/kg (dry),G010-Bl-Cnr-N-lap-Tst-Md
Biota,"Biota, Aquatic",Crustaceans,Cancer pagurus,Muscle,"Coastal, fjord",Not reported,mg/kg (wet),G011-Bc-Cnr-C-pag-Mus-Mw
Biota,"Biota, Terrestrial",Mammals,Ursus maritimus,Liver,"Coastal, fjord",Other,mg/kg (dry),G012-Bm-Cot-U-mar-Liv-Md
Aquatic,Aquatic Sediment,,,,"Coastal, fjord","Water column, pelagic zone",mg/kg (dry),G013-Wsd-Cwc-Md
Biota,"Biota, Aquatic",Crustaceans,Cancer pagurus,Total soft tissues,"Coastal, fjord",Not reported,mg/kg (wet),G014-Bc-Cnr-C-pag-Tst-Mw
Aquatic,Stormwater,,,,"Drainage, sewer, artificial water",Not reported,mg/L,G015-Wsw-Dnr-C
Aquatic,Aquatic Sediment,,,,"Ocean, sea, territorial waters",Water benthos,mg/kg (dry),G016-Wsd-Owb-Md
Biota,"Biota, Aquatic",Fish,Gadus morhua,Liver,"Coastal, fjord",Not reported,mg/kg (dry),G017-Bf-Cnr-G-mor-Liv-Md
Biota,"Biota, Aquatic",Fish,Ctenolabrus rupestris,Whole body,"Coastal, fjord",Not reported,mg/kg (wet),G018-Bf-Cnr-C-rup-Wbd-Mw
Aquatic,Aquatic Sediment,,,,"Coastal, fjord",Other,mg/kg (dry),G019-Wsd-Cot-Md
Aquatic,Wastewater,,,,WWTP,Not reported,mg/L,G020-Www-Pnr-C
Biota,"Biota, Aquatic",Molluscs,Patella vulgata,Total soft tissues,"Coastal, fjord",Not reported,mg/kg (wet),G021-Bl-Cnr-P-vul-Tst-Mw
Biota,"Biota, Aquatic",Crustaceans,Pandalus borealis,Whole body,"Ocean, sea, territorial waters","Water column, pelagic zone",mg/kg (dry),G022-Bc-Owc-P-bor-Wbd-Md
Biota,"Biota, Aquatic",Crustaceans,Gammarus oceanicus,Whole body,"Coastal, fjord",Water benthos,mg/kg (dry),G023-Bc-Cwb-G-oce-Wbd-Md
Biota,"Biota, Aquatic",Crustaceans,Calanus hyperboreus,Whole body,"Ocean, sea, territorial waters","Water column, pelagic zone",mg/kg (dry),G024-Bc-Owc-C-hyp-Wbd-Md
Biota,"Biota, Terrestrial",Birds,Somateria mollissima,Egg,"Ocean, sea, territorial waters",Not reported,mg/kg (wet),G025-Bb-Onr-S-mol-Egg-Mw
Biota,"Biota, Terrestrial",Birds,Somateria mollissima,Blood,"Ocean, sea, territorial waters",Not reported,mg/kg (wet),G026-Bb-Onr-S-mol-Blo-Mw
Aquatic,Freshwater,,,,"River, stream, canal",Other,mg/L,G027-Wfw-Rot-C
Biota,"Biota, Aquatic",Fish,Gadus morhua,Liver,"Ocean, sea, territorial waters",Not reported,mg/kg (wet),G028-Bf-Onr-G-mor-Liv-Mw
Biota,"Biota, Aquatic",Mammals,Phoca vitulina,Liver,"Coastal, fjord",Not relevant,mg/L,G029-Bm-Cnv-P-vit-Liv-C
Biota,"Biota, Aquatic",Crustaceans,Themisto abyssorum,Whole body,"Ocean, sea, territorial waters","Water column, pelagic zone",mg/kg (dry),G030-Bc-Owc-T-aby-Wbd-Md
Biota,"Biota, Aquatic",Fish,Salmo trutta,Gill,"River, stream, canal",Not reported,mg/kg (dry),G031-Bf-Rnr-S-tru-Gil-Md
Biota,"Biota, Aquatic",Crustaceans,Calanus finmarchicus,Whole body,"Ocean, sea, territorial waters","Water column, pelagic zone",mg/kg (dry),G032-Bc-Owc-C-fin-Wbd-Md
Biota,"Biota, Aquatic",Algae,Ascophyllum nodosum,Shoot tip,"Coastal, fjord",Not reported,mg/kg (wet),G033-Ba-Cnr-A-nod-Sti-Mw
Aquatic,Aquatic Sediment,,,,"River, stream, canal","Water column, pelagic zone",mg/kg (dry),G034-Wsd-Rwc-Md
Biota,"Biota, Aquatic",Fish,Coregonus lavaretus,Muscle,"Lake, pond, pool, reservoir",Not reported,mg/kg (wet),G035-Bf-Lnr-C-lav-Mus-Mw
Biota,"Biota, Aquatic",Algae,Fucus vesiculosus,Shoot tip,"Coastal, fjord",Not reported,mg/kg (wet),G036-Ba-Cnr-F-ves-Sti-Mw
Biota,"Biota, Aquatic",Crustaceans,Cancer pagurus,Brown meat,"Ocean, sea, territorial waters",Other,mg/kg (dry),G037-Bc-Oot-C-pag-Bmt-Md
Biota,"Biota, Aquatic",Crustaceans,Themisto libellula,Whole body,"Ocean, sea, territorial waters","Water column, pelagic zone",mg/kg (dry),G038-Bc-Owc-T-lib-Wbd-Md
Biota,"Biota, Aquatic",Invertebrates,Asterias rubens,Body wall,"Coastal, fjord",Water benthos,mg/kg (dry),G039-Bi-Cwb-A-rub-Bwa-Md
Biota,"Biota, Aquatic",Invertebrates,Asterias rubens,Pyloric caeca,"Coastal, fjord",Water benthos,mg/kg (dry),G040-Bi-Cwb-A-rub-Pyl-Md
Biota,"Biota, Aquatic",Fish,Platichthys flesus,Liver,"Coastal, fjord",Not reported,mg/kg (wet),G041-Bf-Cnr-P-fle-Liv-Mw
Biota,"Biota, Aquatic",Fish,Coregonus lavaretus,Liver,"Lake, pond, pool, reservoir",Not reported,mg/kg (wet),G042-Bf-Lnr-C-lav-Liv-Mw
Biota,"Biota, Aquatic",Fish,Gadus morhua,Muscle,"Ocean, sea, territorial waters",Other,mg/kg (dry),G043-Bf-Oot-G-mor-Mus-Md
Biota,"Biota, Aquatic",Molluscs,Modiolus modiolus,Total soft tissues,"Coastal, fjord",Not reported,mg/kg (wet),G044-Bl-Cnr-M-mod-Tst-Mw
Biota,"Biota, Aquatic",Fish,Salmo salar,Gill,"River, stream, canal",Not reported,mg/kg (dry),G045-Bf-Rnr-S-sal-Gil-Md
Aquatic,Brackish/Transitional Water,,,,Estuary,Water benthos,mg/kg (dry),G046-Wbw-Uwb-Md
Biota,"Biota, Aquatic",Fish,Gadus morhua,Muscle,"Coastal, fjord",Not reported,mg/kg (wet),G047-Bf-Cnr-G-mor-Mus-Mw
Biota,"Biota, Aquatic",Fish,Perca fluviatilis,Muscle,"Lake, pond, pool, reservoir",Not reported,mg/kg (wet),G048-Bf-Lnr-P-flu-Mus-Mw
Biota,"Biota, Aquatic",Fish,Reinhardtius hippoglossoides,Muscle,"Ocean, sea, territorial waters","Water column, pelagic zone",mg/kg (wet),G049-Bf-Owc-R-hip-Mus-Mw
Biota,"Biota, Aquatic",Crustaceans,Metridia longa,Whole body,"Ocean, sea, territorial waters","Water column, pelagic zone",mg/kg (dry),G050-Bc-Owc-M-lon-Wbd-Md
Biota,"Biota, Aquatic",Worms,Polychaeta,Whole body,"Coastal, fjord",Not reported,mg/kg (wet),G051-Br-Cnr-Poly-Wbd-Mw
Biota,"Biota, Aquatic",Crustaceans,Conchoecia borealis,Whole body,"Ocean, sea, territorial waters","Water column, pelagic zone",mg/kg (dry),G052-Bc-Owc-C-bor-Wbd-Md
Biota,"Biota, Aquatic",Crustaceans,Hymenodora glacialis,Whole body,"Ocean, sea, territorial waters","Water column, pelagic zone",mg/kg (dry),G053-Bc-Owc-H-gla-Wbd-Md
Biota,"Biota, Aquatic",Fish,Salmo trutta,Muscle,"Lake, pond, pool, reservoir",Not reported,mg/kg (wet),G054-Bf-Lnr-S-tru-Mus-Mw
Biota,"Biota, Aquatic",Molluscs,Nucella lapillus,Total soft tissues,"Coastal, fjord",Water benthos,mg/kg (dry),G055-Bl-Cwb-N-lap-Tst-Md
Biota,"Biota, Aquatic",Fish,Esox lucius,Muscle,"Lake, pond, pool, reservoir",Not reported,mg/kg (wet),G056-Bf-Lnr-E-luc-Mus-Mw
Biota,"Biota, Aquatic",Molluscs,Littorina rudis,Total soft tissues,"Coastal, fjord",Water benthos,mg/kg (dry),G057-Bl-Cwb-L-rud-Tst-Md
Biota,"Biota, Aquatic",Fish,Salvelinus alpinus,Liver,"Lake, pond, pool, reservoir",Not reported,mg/kg (wet),G058-Bf-Lnr-S-alp-Liv-Mw
Biota,"Biota, Terrestrial",Mammals,Vulpes vulpes,Liver,"River, stream, canal",Not reported,mg/kg (wet),G059-Bm-Rnr-V-vul-Liv-Mw
Biota,"Biota, Aquatic",Fish,Salmo trutta,Whole body,"River, stream, canal",Not reported,mg/kg (wet),G060-Bf-Rnr-S-tru-Wbd-Mw
Biota,"Biota, Aquatic",Molluscs,Mytilus edulis,Total soft tissues,"Coastal, fjord",Not relevant,mg/kg (dry),G061-Bl-Cnv-M-edu-Tst-Md
Biota,"Biota, Terrestrial",Birds,Rissa tridactyla,Muscle,Bare land and lichen/moss,Other,mg/kg (dry),G062-Bb-Mot-R-tri-Mus-Md
Biota,"Biota, Aquatic",Fish,Esox lucius,Liver,"Lake, pond, pool, reservoir",Not reported,mg/kg (wet),G063-Bf-Lnr-E-luc-Liv-Mw
Biota,"Biota, Aquatic",Invertebrates,Strongylocentrotus droebachiensis,Gonad,"Coastal, fjord",Not relevant,mg/kg (dry),G064-Bi-Cnv-S-dro-Gon-Md
Biota,"Biota, Aquatic",Molluscs,Littorina littorea,Total soft tissues,"Coastal, fjord",Not reported,mg/kg (wet),G065-Bl-Cnr-L-lit-Tst-Mw
Biota,"Biota, Terrestrial",Birds,Rissa tridactyla,Liver,Bare land and lichen/moss,Other,mg/kg (dry),G066-Bb-Mot-R-tri-Liv-Md
Biota,"Biota, Aquatic",Crustaceans,Euphausiacea,Whole body,"Coastal, fjord",Not reported,mg/kg (wet),G067-Bc-Cnr-Euph-Wbd-Mw
Biota,"Biota, Aquatic",Crustaceans,Eukrohnia hamata,Whole body,"Ocean, sea, territorial waters","Water column, pelagic zone",mg/kg (dry),G068-Bc-Owc-E-ham-Wbd-Md
Biota,"Biota, Aquatic",Crustaceans,Isobactrus setosus,Whole body,"Coastal, fjord",Not reported,mg/kg (wet),G069-Bc-Cnr-I-set-Wbd-Mw
Biota,"Biota, Aquatic",Mammals,Odobenus rosmarus divergens,Lung,Bare land and lichen/moss,Other,mg/kg (wet),G070-Bm-Mot-O-rmd-Lun-Mw
Biota,"Biota, Aquatic",Fish,Perca fluviatilis,Liver,"Lake, pond, pool, reservoir",Not reported,mg/kg (wet),G071-Bf-Lnr-P-flu-Liv-Mw
Biota,"Biota, Aquatic",Mammals,Odobenus rosmarus divergens,Kidney,Bare land and lichen/moss,Other,mg/kg (wet),G072-Bm-Mot-O-rmd-Kid-Mw
Biota,"Biota, Aquatic",Crustaceans,Meganyctiphanes norvegica,Whole body,"Ocean, sea, territorial waters","Water column, pelagic zone",mg/kg (dry),G073-Bc-Owc-M-nor-Wbd-Md
Biota,"Biota, Aquatic",Worms,Alitta virens,Whole body,"Coastal, fjord",Other,mg/kg (dry),G074-Br-Cot-A-vir-Wbd-Md
Terrestrial,Soil O Horizon (Organic),,,,"River, stream, canal",Water surface,mg/kg (dry),G075-Eso-Rws-Md
Biota,"Biota, Aquatic",Crustaceans,Euchaeta glacialis,Whole body,"Ocean, sea, territorial waters","Water column, pelagic zone",mg/kg (dry),G076-Bc-Owc-E-gla-Wbd-Md
Biota,"Biota, Aquatic",Crustaceans,Euchaeta norvegica,Whole body,"Ocean, sea, territorial waters","Water column, pelagic zone",mg/kg (dry),G077-Bc-Owc-E-nor-Wbd-Md
Biota,"Biota, Aquatic",Mammals,Odobenus rosmarus divergens,Liver,Bare land and lichen/moss,Other,mg/kg (wet),G078-Bm-Mot-O-rmd-Liv-Mw
Biota,"Biota, Aquatic",Fish,Salmo trutta,Liver,"Lake, pond, pool, reservoir",Not reported,mg/kg (wet),G079-Bf-Lnr-S-tru-Liv-Mw
Biota,"Biota, Aquatic",Mammals,Odobenus rosmarus divergens,Muscle,Bare land and lichen/moss,Other,mg/kg (wet),G080-Bm-Mot-O-rmd-Mus-Mw
Biota,"Biota, Aquatic",Mammals,Odobenus rosmarus divergens,Skin,Bare land and lichen/moss,Other,mg/kg (wet),G081-Bm-Mot-O-rmd-Skn-Mw
Biota,"Biota, Aquatic",Fish,Clupea harengus,Muscle,"Coastal, fjord",Not reported,mg/kg (wet),G082-Bf-Cnr-C-har-Mus-Mw
Biota,"Biota, Aquatic",Fish,Limanda limanda,Liver,"Coastal, fjord",Not reported,mg/kg (wet),G083-Bf-Cnr-L-lim-Liv-Mw
Biota,"Biota, Aquatic",Molluscs,Mytilus edulis,Whole body,"Coastal, fjord",Not reported,mg/kg (wet),G084-Bl-Cnr-M-edu-Wbd-Mw
Biota,"Biota, Aquatic",Fish,Blicca bjoerkna,Gill,"River, stream, canal",Not reported,mg/kg (dry),G085-Bf-Rnr-B-bjo-Gil-Md
Biota,"Biota, Aquatic",Fish,Lota lota,Liver,"Lake, pond, pool, reservoir",Not reported,mg/kg (wet),G086-Bf-Lnr-L-lot-Liv-Mw
Biota,"Biota, Aquatic",Fish,Reinhardtius hippoglossoides,Whole body,,,mg/kg (wet),G087
Biota,"Biota, Aquatic",Molluscs,Mytilus edulis,Total soft tissues,"Coastal, fjord",Water benthos,mg/kg (dry),G088-Bl-Cwb-M-edu-Tst-Md
Biota,"Biota, Aquatic",Fish,Coregonus lavaretus,Gill,"Lake, pond, pool, reservoir",Not reported,mg/kg (dry),G089-Bf-Lnr-C-lav-Gil-Md
Biota,"Biota, Aquatic",Fish,Thymallus thymallus,Gill,"Lake, pond, pool, reservoir",Not reported,mg/kg (dry),G090-Bf-Lnr-T-thy-Gil-Md
Biota,"Biota, Aquatic",Fish,Thymallus thymallus,Liver,"Lake, pond, pool, reservoir",Not reported,mg/kg (wet),G091-Bf-Lnr-T-thy-Liv-Mw
Biota,"Biota, Aquatic",Fish,Thymallus thymallus,Muscle,"Lake, pond, pool, reservoir",Not reported,mg/kg (wet),G092-Bf-Lnr-T-thy-Mus-Mw
Biota,"Biota, Aquatic",Invertebrates,Strongylocentrotus droebachiensis,Total soft tissues minus gonads,"Coastal, fjord",Not relevant,mg/kg (dry),G093-Bi-Cnv-S-dro-Tsg-Md
Biota,"Biota, Aquatic",Crustaceans,Pandalus borealis,Whole body,,,mg/kg (wet),G094
Biota,"Biota, Aquatic",Fish,Salvelinus alpinus,Muscle,"Lake, pond, pool, reservoir",Not reported,mg/kg (wet),G095-Bf-Lnr-S-alp-Mus-Mw
Aquatic,Aquatic Sediment,,,,"Drainage, sewer, artificial water",Water surface,mg/kg (dry),G096-Wsd-Dws-Md
Biota,"Biota, Aquatic",Crustaceans,Sabinea sarsi,Whole body,"Ocean, sea, territorial waters","Water column, pelagic zone",mg/kg (dry),G097-Bc-Owc-S-sar-Wbd-Md
Biota,"Biota, Aquatic",Molluscs,Mya arenaria,Total soft tissues,"Ocean, sea, territorial waters",Water benthos,mg/kg (dry),G098-Bl-Owb-M-are-Tst-Md
Biota,"Biota, Aquatic",Crustaceans,Carcinus maenas,Total soft tissues,"Coastal, fjord",Not reported,mg/kg (wet),G099-Bc-Cnr-C-mae-Tst-Mw
Biota,"Biota, Aquatic",Molluscs,Patella vulgata,Whole body,"Coastal, fjord",Not reported,mg/kg (wet),G100-Bl-Cnr-P-vul-Wbd-Mw
Terrestrial,Soil O Horizon (Organic),,,,"Drainage, sewer, artificial water",Water surface,mg/kg (dry),G101-Eso-Dws-Md
Biota,"Biota, Aquatic",Crustaceans,Pandalus borealis,Total soft tissues,"Coastal, fjord",Not reported,mg/kg (wet),G102-Bc-Cnr-P-bor-Tst-Mw
Biota,"Biota, Aquatic",Fish,Blicca bjoerkna,Liver,"River, stream, canal",Not reported,mg/kg (wet),G103-Bf-Rnr-B-bjo-Liv-Mw
Biota,"Biota, Aquatic",Fish,Melanogrammus aeglefinus,Liver,"Coastal, fjord",Not reported,mg/kg (dry),G104-Bf-Cnr-M-aeg-Liv-Md
Biota,"Biota, Aquatic",Fish,Salmo trutta,Muscle,"River, stream, canal",Not reported,mg/kg (wet),G105-Bf-Rnr-S-tru-Mus-Mw
Biota,"Biota, Aquatic",Fish,Abramis brama,Gill,"River, stream, canal",Not reported,mg/kg (dry),G106-Bf-Rnr-A-bra-Gil-Md
Biota,"Biota, Aquatic",Fish,Abramis brama,Liver,"River, stream, canal",Not reported,mg/kg (wet),G107-Bf-Rnr-A-bra-Liv-Mw
Biota,"Biota, Aquatic",Mammals,Odobenus rosmarus rosmarus,Skin,Bare land and lichen/moss,Other,mg/kg (wet),G108-Bm-Mot-O-rmr-Skn-Mw
Biota,"Biota, Aquatic",Crustaceans,Pandalus borealis,Muscle,"Coastal, fjord",Not reported,mg/kg (wet),G109-Bc-Cnr-P-bor-Mus-Mw
Biota,"Biota, Aquatic",Crustaceans,Thysanoessa inermis,Whole body,"Ocean, sea, territorial waters","Water column, pelagic zone",mg/kg (dry),G110-Bc-Owc-T-ine-Wbd-Md
Biota,"Biota, Aquatic",Fish,Gymnocephalus cernuus,Liver,"Lake, pond, pool, reservoir",Not reported,mg/kg (wet),G111-Bf-Lnr-G-cer-Liv-Mw
Biota,"Biota, Aquatic",Fish,Sander lucioperca,Gill,"River, stream, canal",Not reported,mg/kg (dry),G112-Bf-Rnr-S-luc-Gil-Md
Biota,"Biota, Aquatic",Fish,Symphodus melops,Whole body,"Coastal, fjord",Not reported,mg/kg (wet),G113-Bf-Cnr-S-mel-Wbd-Mw
Aquatic,Sludge,,,,WWTP,Other,mg/kg (wet),G114-Wsl-Pot-Mw
Biota,"Biota, Aquatic",Crustaceans,Euchaeta barbata,Whole body,"Ocean, sea, territorial waters","Water column, pelagic zone",mg/kg (dry),G115-Bc-Owc-E-bar-Wbd-Md
Biota,"Biota, Aquatic",Fish,Salmo trutta,Gill,"Lake, pond, pool, reservoir",Not reported,mg/kg (dry),G116-Bf-Lnr-S-tru-Gil-Md
Biota,"Biota, Aquatic",Fish,Salmo trutta,Gill,"River, stream, canal",Other,mg/kg (wet),G117-Bf-Rot-S-tru-Gil-Mw
Biota,"Biota, Aquatic",Fish,Salmo trutta,Kidney,"River, stream, canal",Other,mg/kg (wet),G118-Bf-Rot-S-tru-Kid-Mw
Biota,"Biota, Aquatic",Fish,Salmo trutta,Liver,"River, stream, canal",Other,mg/kg (wet),G119-Bf-Rot-S-tru-Liv-Mw
Biota,"Biota, Aquatic",Fish,Sander lucioperca,Liver,"River, stream, canal",Not reported,mg/kg (wet),G120-Bf-Rnr-S-luc-Liv-Mw
Aquatic,Wastewater,,,,WWTP,Other,mg/L,G121-Www-Pot-C
Biota,"Biota, Aquatic",Mammals,Odobenus rosmarus divergens,Heart,Bare land and lichen/moss,Other,mg/kg (wet),G122-Bm-Mot-O-rmd-Hea-Mw
Biota,"Biota, Aquatic",Worms,Arenicola marina,Total soft tissues,"Coastal, fjord",Water benthos,mg/kg (dry),G123-Br-Cwb-A-mar-Tst-Md
Biota,"Biota, Aquatic",Algae,Fucus vesiculosus,Shoot tips,"Coastal, fjord",Not relevant,mg/kg (dry),G124-Ba-Cnv-F-ves-Sti-Md
Biota,"Biota, Aquatic",Fish,Salvelinus alpinus,Gill,"Lake, pond, pool, reservoir",Not reported,mg/kg (dry),G125-Bf-Lnr-S-alp-Gil-Md
Biota,"Biota, Aquatic",Molluscs,Littorina,Total soft tissues,"Coastal, fjord",Not reported,mg/kg (wet),G126-Bl-Cnr-Litt-Tst-Mw
Biota,"Biota, Aquatic",,,,"Ocean, sea, territorial waters",Other,mg/kg (dry),G127
Aquatic,Aquatic Sediment,,,,"Ocean, sea, territorial waters",Other,mg/kg (dry),G128-Wsd-Oot-Md
Biota,"Biota, Aquatic",Crustaceans,Calanus glacialis,Whole body,"Ocean, sea, territorial waters","Water column, pelagic zone",mg/kg (dry),G129-Bc-Owc-C-gla-Wbd-Md
Biota,"Biota, Aquatic",Fish,Salmo salar,Whole body,,,mg/kg (wet),G131
Biota,"Biota, Aquatic",Molluscs,Mytilus edulis,Total soft tissues,"River, stream, canal",Not reported,mg/kg (wet),G132-Bl-Rnr-M-edu-Tst-Mw
Aquatic,Aquatic Sediment,,,,"Groundwater, aquifer",Water benthos,mg/kg (dry),G133-Wsd-Gwb-Md
Aquatic,Aquatic Sediment,,,,"Ocean, sea, territorial waters",Other,mg/kg (wet),G134-Wsd-Oot-Mw
Aquatic,Aquatic Sediment,,,,"River, stream, canal","Water column, pelagic zone",mg/L,G135-Wsd-Rwc-C
Aquatic,Porewater,,,,"Ocean, sea, territorial waters",Other,mg/kg (wet),G136-Wpw-Oot-Mw
Biota,"Biota, Aquatic",Fish,Merlangius merlangus,Liver,"Coastal, fjord",Not reported,mg/kg (dry),G137-Bf-Cnr-M-mer-Liv-Md
Biota,"Biota, Aquatic",Invertebrates,Heliometra glacialis,Disc skeleton,"Ocean, sea, territorial waters",Water benthos,mg/kg (dry),G138-Bi-Owb-He-gla-Dsk-Md
Biota,"Biota, Aquatic",Fish,Brosme brosme,Muscle,"Coastal, fjord",Not reported,mg/kg (wet),G139-Bf-Cnr-B-bro-Mus-Mw
Biota,"Biota, Aquatic",Fish,Pleuronectes platessa,Liver,"Coastal, fjord",Not reported,mg/kg (wet),G140-Bf-Cnr-P-pla-Liv-Mw
Biota,"Biota, Aquatic",Fish,Pleuronectes platessa,Muscle,"Coastal, fjord",Not reported,mg/kg (wet),G141-Bf-Cnr-P-pla-Mus-Mw
Biota,"Biota, Aquatic",Fish,Rutilus rutilus,Gill,"River, stream, canal",Not reported,mg/kg (dry),G142-Bf-Rnr-R-rut-Gil-Md
Biota,"Biota, Aquatic",Fish,Rutilus rutilus,Liver,"River, stream, canal",Not reported,mg/kg (wet),G143-Bf-Rnr-R-rut-Liv-Mw
Biota,"Biota, Aquatic",Invertebrates,Ctenodiscus crispatus,Disc skeleton,"Ocean, sea, territorial waters",Water benthos,mg/kg (dry),G144-Bi-Owb-C-cri-Dsk-Md
Biota,"Biota, Aquatic",Molluscs,Astarte borealis,Total soft tissues,"Ocean, sea, territorial waters",Water benthos,mg/kg (dry),G145-Bl-Owb-A-bor-Tst-Md
Biota,"Biota, Aquatic",Molluscs,Mytilus edulis,Total soft tissues,"Ocean, sea, territorial waters",Not reported,mg/kg (wet),G146-Bl-Onr-M-edu-Tst-Mw
Biota,"Biota, Aquatic",Algae,Ascophyllum nodosum,Plant tissue,"Coastal, fjord",Not reported,mg/kg (wet),G147-Ba-Cnr-A-nod-Pla-Mw
Biota,"Biota, Aquatic",Crustaceans,Cancer pagurus,Whole body,"Coastal, fjord",Not reported,mg/kg (wet),G148-Bc-Cnr-C-pag-Wbd-Mw
Biota,"Biota, Aquatic",Invertebrates,Urasterias lincki,Disc skeleton,"Ocean, sea, territorial waters",Water benthos,mg/kg (dry),G149-Bi-Owb-U-lin-Dsk-Md
Biota,"Biota, Aquatic",Mammals,Cystophora cristata,Kidney,"Ocean, sea, territorial waters","Water column, pelagic zone",mg/kg (wet),G150-Bm-Owc-Cy-cri-Kid-Mw
Biota,"Biota, Aquatic",Mammals,Cystophora cristata,Liver,"Ocean, sea, territorial waters","Water column, pelagic zone",mg/kg (wet),G151-Bm-Owc-Cy-cri-Liv-Mw
Biota,"Biota, Aquatic",Mammals,Pagophilus groenlandicus,Kidney,"Ocean, sea, territorial waters","Water column, pelagic zone",mg/kg (wet),G152-Bm-Owc-P-gro-Kid-Mw
Biota,"Biota, Aquatic",Mammals,Pagophilus groenlandicus,Liver,"Ocean, sea, territorial waters","Water column, pelagic zone",mg/kg (wet),G153-Bm-Owc-P-gro-Liv-Mw
Biota,"Biota, Aquatic",Worms,Arenicola marina,Whole body,"Coastal, fjord",Not reported,mg/kg (wet),G154-Br-Cnr-A-mar-Wbd-Mw
Aquatic,Aquatic Sediment,,,,"Coastal, fjord",Other,mg/kg (wet),G155-Wsd-Cot-Mw
Aquatic,Brackish/Transitional Water,,,,"Ocean, sea, territorial waters",Water benthos,mg/kg (dry),G156-Wbw-Owb-Md
Aquatic,Porewater,,,,"Coastal, fjord",Other,mg/kg (wet),G157-Wpw-Cot-Mw
Biota,"Biota, Aquatic",Crustaceans,Cancer pagurus,Liver,"Coastal, fjord",Not reported,mg/kg (wet),G158-Bc-Cnr-C-pag-Liv-Mw
Biota,"Biota, Aquatic",Fish,Brosme brosme,Liver,"Coastal, fjord",Not reported,mg/kg (wet),G159-Bf-Cnr-B-bro-Liv-Mw
Biota,"Biota, Aquatic",Fish,Labrus bergylta,Whole body,"Coastal, fjord",Not reported,mg/kg (wet),G160-Bf-Cnr-L-ber-Wbd-Mw
Biota,"Biota, Aquatic",Fish,Leuciscus cephalus,Muscle,"River, stream, canal",Not reported,mg/kg (wet),G161-Bf-Rnr-L-cep-Mus-Mw
Biota,"Biota, Aquatic",Fish,Melanogrammus aeglefinus,Muscle,"Coastal, fjord",Not reported,mg/kg (wet),G162-Bf-Cnr-M-aeg-Mus-Mw
Biota,"Biota, Aquatic",Fish,Perca fluviatilis,Gill,"River, stream, canal",Not reported,mg/kg (dry),G163-Bf-Rnr-P-flu-Gil-Md
Biota,"Biota, Aquatic",Fish,Perca fluviatilis,Liver,"River, stream, canal",Not reported,mg/kg (wet),G164-Bf-Rnr-P-flu-Liv-Mw
Biota,"Biota, Aquatic",Invertebrates,Gorgonocephalus arcticus,Disc skeleton,"Ocean, sea, territorial waters",Water benthos,mg/kg (dry),G165-Bi-Owb-G-arc-Dsk-Md
Biota,"Biota, Aquatic",Invertebrates,Pontaster tenuispinus,Disc skeleton,"Ocean, sea, territorial waters",Water benthos,mg/kg (dry),G166-Bi-Owb-P-ten-Dsk-Md
Biota,"Biota, Terrestrial",Birds,Larus argentatus,Egg,"Coastal, fjord",Not reported,mg/kg (wet),G167-Bb-Cnr-L-arg-Egg-Mw
Aquatic,Aquatic Sediment,,,,"Coastal, fjord",Not relevant,mg/kg (dry),G168-Wsd-Cnv-Md
Aquatic,Aquatic Sediment,,,,"Lake, pond, pool, reservoir","Water column, pelagic zone",mg/kg (dry),G169-Wsd-Lwc-Md
Aquatic,Freshwater,,,,"Drainage, sewer, artificial water",Water surface,mg/L,G170-Wfw-Dws-C
Biota,"Biota, Aquatic",Crustaceans,Mysis relicta,Total soft tissues,"Lake, pond, pool, reservoir",Not reported,mg/kg (wet),G171-Bc-Lnr-M-rel-Tst-Mw
Biota,"Biota, Aquatic",Ecosystem,Zooplankton epilimnion,Total soft tissues,"Lake, pond, pool, reservoir",Not reported,mg/kg (wet),G172-Be-Lnr-Z-epi-Tst-Mw
Biota,"Biota, Aquatic",Fish,Centrolabrus exoletus,Whole body,"Coastal, fjord",Not reported,mg/kg (wet),G173-Bf-Cnr-C-exo-Wbd-Mw
Biota,"Biota, Aquatic",Fish,Esox lucius,Liver,"River, stream, canal",Not reported,mg/kg (wet),G174-Bf-Rnr-E-luc-Liv-Mw
Biota,"Biota, Aquatic",Fish,Esox lucius,Muscle,"River, stream, canal",Not reported,mg/kg (wet),G175-Bf-Rnr-E-luc-Mus-Mw
Biota,"Biota, Aquatic",Fish,Lamna nasus,Liver,"Ocean, sea, territorial waters",Not reported,mg/kg (wet),G176-Bf-Onr-L-nas-Liv-Mw
Biota,"Biota, Aquatic",Fish,Molva molva,Muscle,"Coastal, fjord",Not reported,mg/kg (wet),G177-Bf-Cnr-M-mol-Mus-Mw
Biota,"Biota, Aquatic",Fish,Perca fluviatilis,Whole body,"Lake, pond, pool, reservoir",Not reported,mg/kg (wet),G178-Bf-Lnr-P-flu-Wbd-Mw
Biota,"Biota, Aquatic",Fish,Pollachius pollachius,Muscle,"Coastal, fjord",Not reported,mg/kg (wet),G179-Bf-Cnr-P-pol-Mus-Mw
Biota,"Biota, Aquatic",Fish,Squalus acanthias,Liver,"Ocean, sea, territorial waters",Not reported,mg/kg (wet),G180-Bf-Onr-S-aca-Liv-Mw
Biota,"Biota, Aquatic",Invertebrates,Insecta,Whole body,"River, stream, canal",Not reported,mg/kg (wet),G181-Bi-Rnr-Inse-Wbd-Mw
Biota,"Biota, Aquatic",Invertebrates,Pteraster pulvillus,Disc skeleton,"Ocean, sea, territorial waters",Water benthos,mg/kg (dry),G182-Bi-Owb-P-pul-Dsk-Md
Biota,"Biota, Aquatic",Invertebrates,Strongylocentrotus pallidus,Echinoid corona,"Ocean, sea, territorial waters",Water benthos,mg/kg (dry),G183-Bi-Owb-S-pal-Eco-Md
Biota,"Biota, Aquatic",Mammals,Orcinus orca,Fat/Adipose,"Ocean, sea, territorial waters",Not reported,mg/kg (wet),G184-Bm-Onr-O-orc-Fat-Mw
Biota,"Biota, Aquatic",Molluscs,Nucella lapillus,Total soft tissues,"Coastal, fjord",Not reported,mg/kg (wet),G185-Bl-Cnr-N-lap-Tst-Mw
Biota,"Biota, Terrestrial",Birds,Gulosus aristotelis,Egg,"Coastal, fjord",Not reported,mg/kg (wet),G186-Bb-Cnr-G-ari-Egg-Mw
Biota,"Biota, Terrestrial",Birds,Somateria mollissima,Egg,"Coastal, fjord",Not reported,mg/kg (wet),G187-Bb-Cnr-S-mol-Egg-Mw
Biota,"Biota, Terrestrial",Moss/Hornworts,Fontinalis antipyretica,Plant tissue,"River, stream, canal",Not reported,mg/kg (wet),G188-Bh-Rnr-F-ant-Pla-Mw
Aquatic,Aquatic Sediment,,,,"Groundwater, aquifer","Water column, pelagic zone",mg/kg (dry),G189-Wsd-Gwc-Md
Aquatic,Groundwater,,,,"Drainage, sewer, artificial water",Water surface,mg/L,G190-Wgw-Dws-C
Biota,"Biota, Aquatic",Fish,Actinopterygii,Liver,"Coastal, fjord",Not reported,mg/kg (wet),G191-Bf-Cnr-Acti-Liv-Mw
Biota,"Biota, Aquatic",Fish,Actinopterygii,Muscle,"Coastal, fjord",Not reported,mg/kg (wet),G192-Bf-Cnr-Acti-Mus-Mw
Biota,"Biota, Aquatic",Fish,Esox lucius,Whole body,"River, stream, canal",Not reported,mg/kg (wet),G193-Bf-Rnr-E-luc-Wbd-Mw
Biota,"Biota, Aquatic",Fish,Gadidae,Liver,"Coastal, fjord",Not reported,mg/kg (wet),G194-Bf-Cnr-Gadi-Liv-Mw
Biota,"Biota, Aquatic",Fish,Gadidae,Muscle,"Coastal, fjord",Not reported,mg/kg (wet),G195-Bf-Cnr-Gadi-Mus-Mw
Biota,"Biota, Aquatic",Fish,Leuciscus idus,Gill,"River, stream, canal",Not reported,mg/kg (dry),G196-Bf-Rnr-L-idu-Gil-Md
Biota,"Biota, Aquatic",Fish,Leuciscus idus,Liver,"River, stream, canal",Not reported,mg/kg (wet),G197-Bf-Rnr-L-idu-Liv-Mw
Biota,"Biota, Aquatic",Fish,Perca fluviatilis,Muscle,"River, stream, canal",Not reported,mg/kg (wet),G198-Bf-Rnr-P-flu-Mus-Mw
Biota,"Biota, Aquatic",Fish,Pollachius pollachius,Liver,"Coastal, fjord",Not reported,mg/kg (dry),G199-Bf-Cnr-P-pol-Liv-Md
Biota,"Biota, Aquatic",Fish,Pollachius pollachius,Liver,"Coastal, fjord",Not reported,mg/kg (wet),G200-Bf-Cnr-P-pol-Liv-Mw
Biota,"Biota, Aquatic",Invertebrates,Chironomidae,Whole body,"Lake, pond, pool, reservoir",Not reported,mg/kg (wet),G201-Bi-Lnr-Chir-Wbd-Mw
Biota,"Biota, Aquatic",Invertebrates,Gorgonocephalus lamarckii,Disc skeleton,"Ocean, sea, territorial waters",Water benthos,mg/kg (dry),G202-Bi-Owb-G-lam-Dsk-Md
Biota,"Biota, Aquatic",Invertebrates,Ophiopleura borealis,Disc skeleton,"Ocean, sea, territorial waters",Water benthos,mg/kg (dry),G203-Bi-Owb-O-bor-Dsk-Md
Biota,"Biota, Aquatic",Invertebrates,Ophiura sarsii,Disc skeleton,"Ocean, sea, territorial waters",Water benthos,mg/kg (dry),G204-Bi-Owb-O-sar-Dsk-Md
Biota,"Biota, Aquatic",Invertebrates,Pteraster obscurus,Disc skeleton,"Ocean, sea, territorial waters",Water benthos,mg/kg (dry),G205-Bi-Owb-P-obs-Dsk-Md
Biota,"Biota, Aquatic",Other,Bunndyr,Total soft tissues,"Coastal, fjord",Not reported,mg/kg (wet),G206-Bx-Cnr-Bunn-Tst-Mw
Aquatic,Marine/Salt Water,,,,"Coastal, fjord",Not relevant,mg/L,G207-Wmw-Cnv-C
Biota,"Biota, Aquatic",Crustaceans,Lithodidae,Total soft tissues,"Coastal, fjord",Not reported,mg/kg (wet),G208-Bc-Cnr-Lith-Tst-Mw
Biota,"Biota, Aquatic",Crustaceans,Nephrops norvegicus,Muscle,"Coastal, fjord",Not reported,mg/kg (wet),G209-Bc-Cnr-N-nor-Mus-Mw
Biota,"Biota, Aquatic",Crustaceans,Palaemon adspersus,Total soft tissues,"Coastal, fjord",Not reported,mg/kg (wet),G210-Bc-Cnr-P-ads-Tst-Mw
Biota,"Biota, Aquatic",Fish,Esox lucius,Gill,"River, stream, canal",Not reported,mg/kg (dry),G211-Bf-Rnr-E-luc-Gil-Md
Biota,"Biota, Aquatic",Fish,Gymnocephalus cernuus,Whole body,"Lake, pond, pool, reservoir",Not reported,mg/kg (wet),G212-Bf-Lnr-G-cer-Wbd-Mw
Biota,"Biota, Aquatic",Fish,Labrus bergylta,Liver,"Coastal, fjord",Not reported,mg/kg (wet),G213-Bf-Cnr-L-ber-Liv-Mw
Biota,"Biota, Aquatic",Fish,Labrus bergylta,Muscle,"Coastal, fjord",Not reported,mg/kg (wet),G214-Bf-Cnr-L-ber-Mus-Mw
Biota,"Biota, Aquatic",Fish,Labrus mixtus,Whole body,"Coastal, fjord",Not reported,mg/kg (wet),G215-Bf-Cnr-L-mix-Wbd-Mw
Biota,"Biota, Aquatic",Fish,Leuciscus cephalus,Whole body,"River, stream, canal",Not reported,mg/kg (wet),G216-Bf-Rnr-L-cep-Wbd-Mw
Biota,"Biota, Aquatic",Fish,Limanda limanda,Muscle,"Coastal, fjord",Not reported,mg/kg (wet),G217-Bf-Cnr-L-lim-Mus-Mw
Biota,"Biota, Aquatic",Fish,Melanogrammus aeglefinus,Liver,"Coastal, fjord",Not reported,mg/kg (wet),G218-Bf-Cnr-M-aeg-Liv-Mw
Biota,"Biota, Aquatic",Fish,Platichthys flesus,Muscle,"Coastal, fjord",Not reported,mg/kg (wet),G219-Bf-Cnr-P-fle-Mus-Mw
Biota,"Biota, Aquatic",Fish,Rutilus rutilus,Whole body,"Lake, pond, pool, reservoir",Not reported,mg/kg (wet),G220-Bf-Lnr-R-rut-Wbd-Mw
Biota,"Biota, Aquatic",Fish,Salmo trutta,Whole body,"Lake, pond, pool, reservoir",Not reported,mg/kg (wet),G221-Bf-Lnr-S-tru-Wbd-Mw
Biota,"Biota, Aquatic",Fish,Sander lucioperca,Bile,"River, stream, canal",Not reported,mg/kg (wet),G222-Bf-Rnr-S-luc-Bil-Mw
Biota,"Biota, Aquatic",Fish,Somniosus microcephalus,Muscle,"Ocean, sea, territorial waters",Not reported,mg/kg (wet),G223-Bf-Onr-S-mic-Mus-Mw
Biota,"Biota, Aquatic",Fish,Trisopterus minutus,Whole body,"Coastal, fjord",Not reported,mg/kg (wet),G224-Bf-Cnr-T-min-Wbd-Mw
Biota,"Biota, Aquatic",Invertebrates,Astacus astacus,Total soft tissues,"Lake, pond, pool, reservoir",Not reported,mg/kg (wet),G225-Bi-Lnr-A-ast-Tst-Mw
Biota,"Biota, Aquatic",Invertebrates,Crossaster papposus,Disc skeleton,"Ocean, sea, territorial waters",Water benthos,mg/kg (dry),G226-Bi-Owb-C-pap-Dsk-Md
Biota,"Biota, Aquatic",Invertebrates,Hippasteria phrygiana,Disc skeleton,"Ocean, sea, territorial waters",Water benthos,mg/kg (dry),G227-Bi-Owb-H-phr-Dsk-Md
Biota,"Biota, Aquatic",Invertebrates,Icasterias panopla,Disc skeleton,"Ocean, sea, territorial waters",Water benthos,mg/kg (dry),G228-Bi-Owb-I-pan-Dsk-Md
Biota,"Biota, Aquatic",Mammals,Balaenoptera physalus,Fat/Adipose,"Ocean, sea, territorial waters",Not reported,mg/kg (wet),G229-Bm-Onr-B-phy-Fat-Mw
Biota,"Biota, Aquatic",Mammals,Lagenorhynchus albirostris,Muscle,"Ocean, sea, territorial waters",Not reported,mg/kg (wet),G230-Bm-Onr-L-alb-Mus-Mw
Biota,"Biota, Aquatic",Mammals,Megaptera novaeangliae,Fat/Adipose,"Ocean, sea, territorial waters",Not reported,mg/kg (wet),G231-Bm-Onr-M-nov-Fat-Mw
Biota,"Biota, Aquatic",Mammals,Physeter macrocephalus,Fat/Adipose,"Ocean, sea, territorial waters",Not reported,mg/kg (wet),G232-Bm-Onr-P-mac-Fat-Mw
Biota,"Biota, Aquatic",Molluscs,Acesta excavata,Total soft tissues,"Coastal, fjord",Not reported,mg/kg (wet),G233-Bl-Cnr-A-exc-Tst-Mw
Biota,"Biota, Aquatic",Molluscs,Buccinum undatum,Whole body,"Coastal, fjord",Not reported,mg/kg (wet),G234-Bl-Cnr-B-und-Wbd-Mw
Biota,"Biota, Aquatic",Molluscs,Erginus,Total soft tissues,"Coastal, fjord",Not reported,mg/kg (wet),G235-Bl-Cnr-Ergi-Tst-Mw
Biota,"Biota, Aquatic",Molluscs,Gastropoda,Whole body,"Lake, pond, pool, reservoir",Not reported,mg/kg (wet),G236-Bl-Lnr-Gast-Wbd-Mw
Biota,"Biota, Aquatic",Molluscs,Lepetella,Total soft tissues,"Coastal, fjord",Not reported,mg/kg (wet),G237-Bl-Cnr-Lepe-Tst-Mw
Biota,"Biota, Aquatic",Worms,Eisenia hortensis,Total soft tissues,"River, stream, canal",Not reported,mg/kg (wet),G238-Br-Rnr-E-hor-Tst-Mw
Biota,"Biota, Aquatic",Worms,Lumbricus,Total soft tissues,"River, stream, canal",Not reported,mg/kg (wet),G239-Br-Rnr-Lumb-Tst-Mw
Biota,"Biota, Terrestrial",Birds,Turdus pilaris,Egg,"River, stream, canal",Not reported,mg/kg (wet),G240-Bb-Rnr-T-pil-Egg-Mw
Biota,"Biota, Terrestrial",Mammals,Capreolus capreolus,Liver,"River, stream, canal",Not reported,mg/kg (wet),G241-Bm-Rnr-C-cap-Liv-Mw
Biota,"Biota, Terrestrial",Mammals,Phocoena phocoena,Fat/Adipose,"Ocean, sea, territorial waters",Not reported,mg/kg (wet),G242-Bm-Onr-P-pho-Fat-Mw
Biota,"Biota, Terrestrial",Mammals,Phocoena phocoena,Liver,"Ocean, sea, territorial waters",Not reported,mg/kg (wet),G243-Bm-Onr-P-pho-Liv-Mw
Biota,"Biota, Terrestrial",Mammals,Phocoena phocoena,Muscle,"Ocean, sea, territorial waters",Not reported,mg/kg (wet),G244-Bm-Onr-P-pho-Mus-Mw
Biota,"Biota, Terrestrial",Moss/Hornworts,Hylocomium splendens,Plant tissue,"Coastal, fjord",Not reported,mg/kg (dry),G245-Bh-Cnr-H-spl-Pla-Md
Biota,"Biota, Aquatic",Mammals,Pagophilus groenlandicus,Kidney,"Ocean, sea, territorial waters",Water surface,mg/kg (wet),G246-Bm-Ows-P-gro-Kid-Mw
Biota,"Biota, Aquatic",Mammals,Pagophilus groenlandicus,Liver,"Ocean, sea, territorial waters",Water surface,mg/kg (wet),G247-Bm-Ows-P-gro-Liv-Mw
Biota,"Biota, Aquatic",Mammals,Pagophilus groenlandicus,Muscle,"Ocean, sea, territorial waters",Water surface,mg/kg (wet),G248-Bm-Ows-P-gro-Mus-Mw
Biota,"Biota, Aquatic",Mammals,Cystophora cristata,Kidney,"Ocean, sea, territorial waters",Water surface,mg/kg (wet),G249-Bm-Ows-Cy-cri-Kid-Mw
Biota,"Biota, Aquatic",Mammals,Cystophora cristata,Liver,"Ocean, sea, territorial waters",Water surface,mg/kg (wet),G250-Bm-Ows-Cy-cri-Liv-Mw
Biota,"Biota, Aquatic",Mammals,Cystophora cristata,Muscle,"Ocean, sea, territorial waters",Water surface,mg/kg (wet),G251-Bm-Ows-Cy-cri-Mus-Mw
Biota,"Biota, Aquatic",,,,"Ocean, sea, territorial waters",Water surface,mg/kg (wet),G252
Biota,"Biota, Aquatic",Fish,Gadus morhua,Muscle,"Coastal, fjord",Water column,mg/kg (wet),G253
Biota,"Biota, Aquatic",Fish,Hippoglossoides platessoides,Muscle,"Coastal, fjord",Water column,mg/kg (wet),G254
Biota,"Biota, Aquatic",Fish,Gadus morhua,Liver,"Coastal, fjord",Water column,mg/kg (wet),G255
Biota,"Biota, Aquatic",Fish,Melanogrammus aeglefinus,Muscle,"Coastal, fjord",Water column,mg/kg (wet),G256
Biota,"Biota, Aquatic",Fish,Hippoglossus hippoglossus,Muscle,"Coastal, fjord",Water column,mg/kg (wet),G257
Biota,"Biota, Aquatic",Fish,Hippoglossus hippoglossus,Liver,"Coastal, fjord",Water column,mg/kg (wet),G258
Biota,"Biota, Aquatic",Fish,Melanogrammus aeglefinus,Liver,"Coastal, fjord",Water column,mg/kg (wet),G259
Biota,"Biota, Aquatic",Crustaceans,Paralithodes camtschaticus,Muscle,"Coastal, fjord",Water column,mg/kg (wet),G260
Biota,"Biota, Aquatic",Fish,Amblyraja radiata,Liver,"Coastal, fjord",Water column,mg/kg (wet),G261
Biota,"Biota, Aquatic",Fish,Amblyraja radiata,Muscle,"Coastal, fjord",Water column,mg/kg (wet),G262
Biota,"Biota, Aquatic",Fish,Glyptocephalus cynoglossus,Liver,"Coastal, fjord",Water column,mg/kg (wet),G263
Biota,"Biota, Aquatic",Fish,Glyptocephalus cynoglossus,Muscle,"Coastal, fjord",Water column,mg/kg (wet),G264
Biota,"Biota, Aquatic",Crustaceans,Paralithodes camtschaticus,Hepatopancreas,"Coastal, fjord",Water column,mg/kg (wet),G265
Biota,"Biota, Aquatic",Molluscs,Mytilus edulis,Total soft tissues,"Coastal, fjord",Water column,mg/kg (wet),G266
Biota,"Biota, Aquatic",Fish,Hippoglossoides platessoides,Liver,"Coastal, fjord",Water column,mg/kg (wet),G267
Biota,"Biota, Aquatic",Fish,Limanda limanda,Liver,"Coastal, fjord",Water column,mg/kg (wet),G268
Biota,"Biota, Aquatic",Fish,Limanda limanda,Muscle,"Coastal, fjord",Water column,mg/kg (wet),G269
