﻿SITE_CODE,PARAMETER_ME,SAMPLING_DATE,ENVIRON_COMPARTMENT_SUB,SUBSAMPLE,MEASURED_FLAG,MEASURED_VALUE,UNCERTAINTY_TYPE,UNCERTAINTY_UPPER,UNCERTAINTY_LOWER,MEASURED_UNIT,MEASURED_N,LOQ_VALUE,LOQ_UNIT,LOD_VALUE,LOD_UNIT,SAMPLING_PROTOCOL,EXTRACTION_PROTOCOL,FRACTIOTION_PROTOCOL,ALYTICAL_PROTOCOL,REFERENCE_ID,SAMPLE_ID,ENVIRON_COMPARTMENT,PARAMETER_TYPE,MEASURED_TYPE,MEASUREMENT_COMMENT
ArcticSeals1999_Barents,Copper,01/01/1999,"Biota, Aquatic",Harp Liver,,15.52,Standard Deviation,16.19,4.89,μg/g (wet),5,,,,,Point sampling,Acid-extractable fraction,Acid digestion,Atomic absorption spectroscopy,UnknownReference,ArcticSeals1999_Barents-Copper-BiotaAquatic-1999-01-01-RHarp Brain,Biota,Stressor,Concentration,
ArcticSeals1999_Barents,Copper,01/01/1999,"Biota, Aquatic",Harp Kidney,,3.38,Standard Deviation,3.79,2.97,μg/g (wet),5,,,,,Point sampling,Acid-extractable fraction,Acid digestion,Atomic absorption spectroscopy,UnknownReference,ArcticSeals1999_Barents-Copper-BiotaAquatic-1999-01-01-RHarp Kidney,Biota,Stressor,Concentration,
ArcticSeals1999_Barents,Copper,01/01/1999,"Biota, Aquatic",Hooded Kidney,,12.8,Standard Deviation,15.01,10.59,μg/g (wet),5,,,,,Point sampling,Acid-extractable fraction,Acid digestion,Atomic absorption spectroscopy,UnknownReference,ArcticSeals1999_Barents-Copper-BiotaAquatic-1999-01-01-RHooded Kidney,Biota,Stressor,Concentration,
ArcticSeals1999_Barents,Copper,01/01/1999,"Biota, Aquatic",Hooded Liver,,10.54,Standard Deviation,14.36,6.72,μg/g (wet),5,,,,,Point sampling,Acid-extractable fraction,Acid digestion,Atomic absorption spectroscopy,UnknownReference,ArcticSeals1999_Barents-Copper-BiotaAquatic-1999-01-01-RHooded Liver,Biota,Stressor,Concentration,
