﻿SAMPLE_ID,SITE_CODE,PARAMETER_NAME,ENVIRON_COMPARTMENT,ENVIRON_COMPARTMENT_SUB,MEASURED_CATEGORY,SAMPLING_DATE,SUBSAMPLE,SPECIES_GROUP,SAMPLE_SPECIES,SAMPLE_TISSUE,SAMPLE_SPECIES_LIFESTAGE,SAMPLE_SPECIES_GENDER,BIOTA_COMMENT
ArcticSeals1999_Barents-Copper-BiotaAquatic-1999-01-01-RHooded Liver,ArcticSeals1999_Barents,Copper,Biota,"Biota, Aquatic",Internal,01/01/1999,Hooded Liver,Mammals,Cystophora cristata,Liver,Not reported,Not reported,"Ringed seals also analysed, but not for copper."
ArcticSeals1999_Barents-Copper-BiotaAquatic-1999-01-01-RHooded Kidney,ArcticSeals1999_Barents,Copper,Biota,"Biota, Aquatic",Internal,01/01/1999,Hooded Kidney,Mammals,Cystophora cristata,Kidney,Not reported,Not reported,"Ringed seals also analysed, but not for copper."
ArcticSeals1999_Barents-Copper-BiotaAquatic-1999-01-01-RHarp Brain,ArcticSeals1999_Barents,Copper,Biota,"Biota, Aquatic",Internal,01/01/1999,Harp Liver,Mammals,Phoca groenlandica,Liver,Not reported,Not reported,"Ringed seals also analysed, but not for copper."
ArcticSeals1999_Barents-Copper-BiotaAquatic-1999-01-01-RHarp Kidney,ArcticSeals1999_Barents,Copper,Biota,"Biota, Aquatic",Internal,01/01/1999,Harp Kidney,Mammals,Phoca groenlandica,Kidney,Not reported,Not reported,"Ringed seals also analysed, but not for copper."
