﻿SITE_CODE,PARAMETER_ME,SAMPLING_DATE,ENVIRON_COMPARTMENT_SUB,SUBSAMPLE,MEASURED_FLAG,MEASURED_VALUE,UNCERTAINTY_TYPE,SD,UNCERTAINTY_UPPER,UNCERTAINTY_LOWER,MEASURED_UNIT,MEASURED_N,LOQ_VALUE,LOQ_UNIT,LOD_VALUE,LOD_UNIT,SAMPLING_PROTOCOL,EXTRACTION_PROTOCOL,FRACTIOTION_PROTOCOL,ALYTICAL_PROTOCOL,REFERENCE_ID,SAMPLE_ID,ENVIRON_COMPARTMENT,PARAMETER_TYPE,MEASURED_TYPE,MEASUREMENT_COMMENT
GreenlandSeals1985_GS1985,Copper,01/01/1985,"Biota, Aquatic",hooded liver male,,15,Standard Deviation,7,22,-7,μg/g (wet),5,,,,,Biopsy,Acid digestion,Acid-extractable fraction,Atomic absorption spectroscopy,UnknownReference,GreenlandSeals1985_GS1985-Copper-BiotaAquatic-1985-01-01-Rhooded liver,Biota,Stressor,Concentration,
GreenlandSeals1985_GS1985,Copper,01/01/1985,"Biota, Aquatic",harp kidney female,,6,Standard Deviation,2,8,-2,μg/g (wet),15,,,,,Biopsy,Acid digestion,Acid-extractable fraction,Atomic absorption spectroscopy,UnknownReference,GreenlandSeals1985_GS1985-Copper-BiotaAquatic-1985-01-01-Rharp kidney,Biota,Stressor,Concentration,
GreenlandSeals1985_GS1985,Copper,01/01/1985,"Biota, Aquatic",harp muscle female,,1.6,Standard Deviation,0.3,1.9,-0.3,μg/g (wet),15,,,,,Biopsy,Acid digestion,Acid-extractable fraction,Atomic absorption spectroscopy,UnknownReference,GreenlandSeals1985_GS1985-Copper-BiotaAquatic-1985-01-01-Rharp muscle,Biota,Stressor,Concentration,
GreenlandSeals1985_GS1985,Copper,01/01/1985,"Biota, Aquatic",hooded liver juvenile,,18,,,,,μg/g (wet),2,,,,,Biopsy,Acid digestion,Acid-extractable fraction,Atomic absorption spectroscopy,UnknownReference,GreenlandSeals1985_GS1985-Copper-BiotaAquatic-1985-01-01-Rhooded liver,Biota,Stressor,Concentration,
GreenlandSeals1985_GS1985,Copper,01/01/1985,"Biota, Aquatic",harp kidney juvenile,,4.3,Standard Deviation,0.4,4.7,-0.4,μg/g (wet),6,,,,,Biopsy,Acid digestion,Acid-extractable fraction,Atomic absorption spectroscopy,UnknownReference,GreenlandSeals1985_GS1985-Copper-BiotaAquatic-1985-01-01-Rharp kidney,Biota,Stressor,Concentration,
GreenlandSeals1985_GS1985,Copper,01/01/1985,"Biota, Aquatic",harp muscle juvenile,,2.7,Standard Deviation,0.6,3.3,-0.6,μg/g (wet),6,,,,,Biopsy,Acid digestion,Acid-extractable fraction,Atomic absorption spectroscopy,UnknownReference,GreenlandSeals1985_GS1985-Copper-BiotaAquatic-1985-01-01-Rharp muscle,Biota,Stressor,Concentration,
GreenlandSeals1985_GS1985,Copper,01/01/1985,"Biota, Aquatic",hooded liver female,,8,Standard Deviation,4,12,-4,μg/g (wet),15,,,,,Biopsy,Acid digestion,Acid-extractable fraction,Atomic absorption spectroscopy,UnknownReference,GreenlandSeals1985_GS1985-Copper-BiotaAquatic-1985-01-01-Rhooded liver,Biota,Stressor,Concentration,
GreenlandSeals1985_GS1985,Copper,01/01/1985,"Biota, Aquatic",harp kidney male,,5,Standard Deviation,2,7,-2,μg/g (wet),8,,,,,Biopsy,Acid digestion,Acid-extractable fraction,Atomic absorption spectroscopy,UnknownReference,GreenlandSeals1985_GS1985-Copper-BiotaAquatic-1985-01-01-Rharp kidney,Biota,Stressor,Concentration,
GreenlandSeals1985_GS1985,Copper,01/01/1985,"Biota, Aquatic",harp muscle male,,2.2,Standard Deviation,0.7,2.9,-0.7,μg/g (wet),8,,,,,Biopsy,Acid digestion,Acid-extractable fraction,Atomic absorption spectroscopy,UnknownReference,GreenlandSeals1985_GS1985-Copper-BiotaAquatic-1985-01-01-Rharp muscle,Biota,Stressor,Concentration,
GreenlandSeals1985_GS1985,Copper,01/01/1985,"Biota, Aquatic",harp liver male,,14,Standard Deviation,7,21,-7,μg/g (wet),8,,,,,Biopsy,Acid digestion,Acid-extractable fraction,Atomic absorption spectroscopy,UnknownReference,GreenlandSeals1985_GS1985-Copper-BiotaAquatic-1985-01-01-Rharp liver,Biota,Stressor,Concentration,
GreenlandSeals1985_GS1985,Copper,01/01/1985,"Biota, Aquatic",hooded kidney female,,12,Standard Deviation,4,16,-4,μg/g (wet),15,,,,,Biopsy,Acid digestion,Acid-extractable fraction,Atomic absorption spectroscopy,UnknownReference,GreenlandSeals1985_GS1985-Copper-BiotaAquatic-1985-01-01-Rhooded kidney,Biota,Stressor,Concentration,
GreenlandSeals1985_GS1985,Copper,01/01/1985,"Biota, Aquatic",hooded muscle female,,1,Standard Deviation,0.2,1.2,-0.2,μg/g (wet),15,,,,,Biopsy,Acid digestion,Acid-extractable fraction,Atomic absorption spectroscopy,UnknownReference,GreenlandSeals1985_GS1985-Copper-BiotaAquatic-1985-01-01-Rhooded muscle,Biota,Stressor,Concentration,
GreenlandSeals1985_GS1985,Copper,01/01/1985,"Biota, Aquatic",harp liver juvenile,,16,Standard Deviation,15,31,-15,μg/g (wet),6,,,,,Biopsy,Acid digestion,Acid-extractable fraction,Atomic absorption spectroscopy,UnknownReference,GreenlandSeals1985_GS1985-Copper-BiotaAquatic-1985-01-01-Rharp liver,Biota,Stressor,Concentration,
GreenlandSeals1985_GS1985,Copper,01/01/1985,"Biota, Aquatic",hooded kidney juvenile,,6,,,,,μg/g (wet),2,,,,,Biopsy,Acid digestion,Acid-extractable fraction,Atomic absorption spectroscopy,UnknownReference,GreenlandSeals1985_GS1985-Copper-BiotaAquatic-1985-01-01-Rhooded kidney,Biota,Stressor,Concentration,
GreenlandSeals1985_GS1985,Copper,01/01/1985,"Biota, Aquatic",hooded muscle juvenile,,2.4,,,,,μg/g (wet),2,,,,,Biopsy,Acid digestion,Acid-extractable fraction,Atomic absorption spectroscopy,UnknownReference,GreenlandSeals1985_GS1985-Copper-BiotaAquatic-1985-01-01-Rhooded muscle,Biota,Stressor,Concentration,
GreenlandSeals1985_GS1985,Copper,01/01/1985,"Biota, Aquatic",harp liver female,,13,Standard Deviation,6,19,-6,μg/g (wet),15,,,,,Biopsy,Acid digestion,Acid-extractable fraction,Atomic absorption spectroscopy,UnknownReference,GreenlandSeals1985_GS1985-Copper-BiotaAquatic-1985-01-01-Rharp liver,Biota,Stressor,Concentration,
GreenlandSeals1985_GS1985,Copper,01/01/1985,"Biota, Aquatic",hooded kidney male,,3.9,Standard Deviation,0.9,4.8,-0.9,μg/g (wet),5,,,,,Biopsy,Acid digestion,Acid-extractable fraction,Atomic absorption spectroscopy,UnknownReference,GreenlandSeals1985_GS1985-Copper-BiotaAquatic-1985-01-01-Rhooded kidney,Biota,Stressor,Concentration,
GreenlandSeals1985_GS1985,Copper,01/01/1985,"Biota, Aquatic",hooded muscle male,,0.8,Standard Deviation,0.5,1.3,-0.5,μg/g (wet),5,,,,,Biopsy,Acid digestion,Acid-extractable fraction,Atomic absorption spectroscopy,UnknownReference,GreenlandSeals1985_GS1985-Copper-BiotaAquatic-1985-01-01-Rhooded muscle,Biota,Stressor,Concentration,
