﻿"SITE_CODE","SITE_NAME","SITE_GEOGRAPHIC_FEATURE","SITE_GEOGRAPHIC_FEATURE_SUB","SITE_COORDINATE_SYSTEM","LATITUDE","LONGITUDE","COUNTRY","AREA","ALTITUDE_VALUE","ALTITUDE_UNIT","ENTERED_BY","ENTERED_DATE","SITE_COMMENT"
"TaraldrudNorway2020_R","Reference site upstream","River, stream, canal","Water surface","WGS 84",59.7985,10.8401,"Norway","Not relevant",0,"m","Sam Welch","2025-11-04","Reference site selected upstream from the waste rock to represent the local background of the area. Estimated from Figure 1."
"TaraldrudNorway2020_P","Precipitation pond","Drainage, sewer, artificial water","Water surface","WGS 84",59.7965,10.8397,"Norway","Not relevant",0,"m","Sam Welch","2025-11-04","Manmade precipitation pond built to catch acidic seepage waters originating from the alum shale waste rock. Liming has allegedly been periodically applied to increase pH. Estimated from Figure 1."
"TaraldrudNorway2020_MZ","Mixing zone","River, stream, canal","Water surface","WGS 84",59.7945,10.8384,"Norway","Not relevant",0,"m","Sam Welch","2025-11-04","Area where the precipitation pond is connected to the stream through a manmade canal. During sampling campaigns, levels of precipitation were low, and no visible surface water overflow was observed between the pond and stream. Estimated from Figure 1."
"TaraldrudNorway2020_DS","Downstream","River, stream, canal","Water surface","WGS 84",59.7931,10.8371,"Norway","Not relevant",0,"m","Sam Welch","2025-11-04","Sampling point selected downstream from the deposit to investigate the impact of dilution. Estimated from Figure 1."
